report_year,report_week,district,year,week,cases
2023,1,Colombo,2021,52,563.0
2023,1,Colombo,2022,1,563.0
2023,1,Colombo,2022,52,325.0
2023,1,Colombo,2023,1,433.0
2023,1,Gampaha,2021,52,446.0
2023,1,Gampaha,2022,1,457.0
2023,1,Gampaha,2022,52,290.0
2023,1,Gampaha,2023,1,440.0
2023,1,Kalutara,2021,52,182.0
2023,1,Kalutara,2022,1,180.0
2023,1,Kalutara,2022,52,92.0
2023,1,Kalutara,2023,1,112.0
2023,1,Kandy,2021,52,78.0
2023,1,Kandy,2022,1,89.0
2023,1,Kandy,2022,52,56.0
2023,1,Kandy,2023,1,100.0
2023,1,Matale,2021,52,3.0
2023,1,Matale,2022,1,20.0
2023,1,Matale,2022,52,27.0
2023,1,Matale,2023,1,39.0
2023,1,Nuwara Eliya,2021,52,6.0
2023,1,Nuwara Eliya,2022,1,8.0
2023,1,Nuwara Eliya,2022,52,9.0
2023,1,Nuwara Eliya,2023,1,1.0
2023,1,Galle,2021,52,75.0
2023,1,Galle,2022,1,95.0
2023,1,Galle,2022,52,51.0
2023,1,Galle,2023,1,43.0
2023,1,Hambantota,2021,52,21.0
2023,1,Hambantota,2022,1,22.0
2023,1,Hambantota,2022,52,14.0
2023,1,Hambantota,2023,1,10.0
2023,1,Matara,2021,52,22.0
2023,1,Matara,2022,1,44.0
2023,1,Matara,2022,52,45.0
2023,1,Matara,2023,1,33.0
2023,1,Jaffna,2021,52,64.0
2023,1,Jaffna,2022,1,31.0
2023,1,Jaffna,2022,52,114.0
2023,1,Jaffna,2023,1,128.0
2023,1,Kilinochchi,2021,52,9.0
2023,1,Kilinochchi,2022,1,4.0
2023,1,Kilinochchi,2022,52,7.0
2023,1,Kilinochchi,2023,1,4.0
2023,1,Mannar,2021,52,71.0
2023,1,Mannar,2022,1,28.0
2023,1,Mannar,2022,52,0.0
2023,1,Mannar,2023,1,0.0
2023,1,Vavuniya,2021,52,5.0
2023,1,Vavuniya,2022,1,2.0
2023,1,Vavuniya,2022,52,2.0
2023,1,Vavuniya,2023,1,3.0
2023,1,Mullaitivu,2021,52,0.0
2023,1,Mullaitivu,2022,1,0.0
2023,1,Mullaitivu,2022,52,2.0
2023,1,Mullaitivu,2023,1,32.0
2023,1,Batticaloa,2021,52,16.0
2023,1,Batticaloa,2022,1,26.0
2023,1,Batticaloa,2022,52,17.0
2023,1,Batticaloa,2023,1,36.0
2023,1,Ampara,2021,52,7.0
2023,1,Ampara,2022,1,8.0
2023,1,Ampara,2022,52,8.0
2023,1,Ampara,2023,1,3.0
2023,1,Trincomalee,2021,52,31.0
2023,1,Trincomalee,2022,1,23.0
2023,1,Trincomalee,2022,52,29.0
2023,1,Trincomalee,2023,1,16.0
2023,1,Kalmunai,2021,52,7.0
2023,1,Kalmunai,2022,1,27.0
2023,1,Kalmunai,2022,52,150.0
2023,1,Kalmunai,2023,1,147.0
2023,1,Kurunegala,2021,52,134.0
2023,1,Kurunegala,2022,1,115.0
2023,1,Kurunegala,2022,52,46.0
2023,1,Kurunegala,2023,1,56.0
2023,1,Puttalam,2021,52,114.0
2023,1,Puttalam,2022,1,104.0
2023,1,Puttalam,2022,52,190.0
2023,1,Puttalam,2023,1,273.0
2023,1,Anuradhapura,2021,52,21.0
2023,1,Anuradhapura,2022,1,12.0
2023,1,Anuradhapura,2022,52,25.0
2023,1,Anuradhapura,2023,1,13.0
2023,1,Polonnaruwa,2021,52,3.0
2023,1,Polonnaruwa,2022,1,7.0
2023,1,Polonnaruwa,2022,52,17.0
2023,1,Polonnaruwa,2023,1,27.0
2023,1,Badulla,2021,52,55.0
2023,1,Badulla,2022,1,64.0
2023,1,Badulla,2022,52,36.0
2023,1,Badulla,2023,1,45.0
2023,1,Monaragala,2021,52,7.0
2023,1,Monaragala,2022,1,8.0
2023,1,Monaragala,2022,52,8.0
2023,1,Monaragala,2023,1,11.0
2023,1,Ratnapura,2021,52,50.0
2023,1,Ratnapura,2022,1,65.0
2023,1,Ratnapura,2022,52,92.0
2023,1,Ratnapura,2023,1,66.0
2023,1,Kegalle,2021,52,36.0
2023,1,Kegalle,2022,1,55.0
2023,1,Kegalle,2022,52,46.0
2023,1,Kegalle,2023,1,71.0
2023,1,Total,2021,52,2026.0
2023,1,Total,2022,1,2057.0
2023,1,Total,2022,52,1698.0
2023,1,Total,2023,1,2142.0
2023,2,Colombo,2022,1,563.0
2023,2,Colombo,2022,2,528.0
2023,2,Colombo,2023,1,433.0
2023,2,Colombo,2023,2,452.0
2023,2,Gampaha,2022,1,457.0
2023,2,Gampaha,2022,2,442.0
2023,2,Gampaha,2023,1,440.0
2023,2,Gampaha,2023,2,417.0
2023,2,Kalutara,2022,1,180.0
2023,2,Kalutara,2022,2,155.0
2023,2,Kalutara,2023,1,112.0
2023,2,Kalutara,2023,2,123.0
2023,2,Kandy,2022,1,89.0
2023,2,Kandy,2022,2,97.0
2023,2,Kandy,2023,1,100.0
2023,2,Kandy,2023,2,86.0
2023,2,Matale,2022,1,20.0
2023,2,Matale,2022,2,8.0
2023,2,Matale,2023,1,39.0
2023,2,Matale,2023,2,27.0
2023,2,Nuwara Eliya,2022,1,8.0
2023,2,Nuwara Eliya,2022,2,5.0
2023,2,Nuwara Eliya,2023,1,1.0
2023,2,Nuwara Eliya,2023,2,2.0
2023,2,Galle,2022,1,95.0
2023,2,Galle,2022,2,110.0
2023,2,Galle,2023,1,43.0
2023,2,Galle,2023,2,65.0
2023,2,Hambantota,2022,1,22.0
2023,2,Hambantota,2022,2,34.0
2023,2,Hambantota,2023,1,10.0
2023,2,Hambantota,2023,2,14.0
2023,2,Matara,2022,1,44.0
2023,2,Matara,2022,2,37.0
2023,2,Matara,2023,1,33.0
2023,2,Matara,2023,2,28.0
2023,2,Jaffna,2022,1,31.0
2023,2,Jaffna,2022,2,47.0
2023,2,Jaffna,2023,1,128.0
2023,2,Jaffna,2023,2,103.0
2023,2,Kilinochchi,2022,1,4.0
2023,2,Kilinochchi,2022,2,1.0
2023,2,Kilinochchi,2023,1,4.0
2023,2,Kilinochchi,2023,2,3.0
2023,2,Mannar,2022,1,28.0
2023,2,Mannar,2022,2,28.0
2023,2,Mannar,2023,1,0.0
2023,2,Mannar,2023,2,17.0
2023,2,Vavuniya,2022,1,2.0
2023,2,Vavuniya,2022,2,8.0
2023,2,Vavuniya,2023,1,3.0
2023,2,Vavuniya,2023,2,1.0
2023,2,Mullaitivu,2022,1,0.0
2023,2,Mullaitivu,2022,2,1.0
2023,2,Mullaitivu,2023,1,32.0
2023,2,Mullaitivu,2023,2,2.0
2023,2,Batticaloa,2022,1,26.0
2023,2,Batticaloa,2022,2,32.0
2023,2,Batticaloa,2023,1,36.0
2023,2,Batticaloa,2023,2,28.0
2023,2,Ampara,2022,1,8.0
2023,2,Ampara,2022,2,7.0
2023,2,Ampara,2023,1,3.0
2023,2,Ampara,2023,2,3.0
2023,2,Trincomalee,2022,1,23.0
2023,2,Trincomalee,2022,2,24.0
2023,2,Trincomalee,2023,1,16.0
2023,2,Trincomalee,2023,2,31.0
2023,2,Kalmunai,2022,1,27.0
2023,2,Kalmunai,2022,2,17.0
2023,2,Kalmunai,2023,1,147.0
2023,2,Kalmunai,2023,2,107.0
2023,2,Kurunegala,2022,1,115.0
2023,2,Kurunegala,2022,2,157.0
2023,2,Kurunegala,2023,1,56.0
2023,2,Kurunegala,2023,2,73.0
2023,2,Puttalam,2022,1,104.0
2023,2,Puttalam,2022,2,138.0
2023,2,Puttalam,2023,1,273.0
2023,2,Puttalam,2023,2,257.0
2023,2,Anuradhapura,2022,1,12.0
2023,2,Anuradhapura,2022,2,15.0
2023,2,Anuradhapura,2023,1,13.0
2023,2,Anuradhapura,2023,2,13.0
2023,2,Polonnaruwa,2022,1,7.0
2023,2,Polonnaruwa,2022,2,9.0
2023,2,Polonnaruwa,2023,1,27.0
2023,2,Polonnaruwa,2023,2,13.0
2023,2,Badulla,2022,1,64.0
2023,2,Badulla,2022,2,55.0
2023,2,Badulla,2023,1,45.0
2023,2,Badulla,2023,2,31.0
2023,2,Monaragala,2022,1,8.0
2023,2,Monaragala,2022,2,12.0
2023,2,Monaragala,2023,1,11.0
2023,2,Monaragala,2023,2,15.0
2023,2,Ratnapura,2022,1,65.0
2023,2,Ratnapura,2022,2,65.0
2023,2,Ratnapura,2023,1,66.0
2023,2,Ratnapura,2023,2,55.0
2023,2,Kegalle,2022,1,55.0
2023,2,Kegalle,2022,2,49.0
2023,2,Kegalle,2023,1,71.0
2023,2,Kegalle,2023,2,64.0
2023,2,Total,2022,1,2057.0
2023,2,Total,2022,2,2081.0
2023,2,Total,2023,1,2142.0
2023,2,Total,2023,2,2030.0
2023,3,Colombo,2022,2,528.0
2023,3,Colombo,2022,3,411.0
2023,3,Colombo,2023,2,452.0
2023,3,Colombo,2023,3,394.0
2023,3,Gampaha,2022,2,442.0
2023,3,Gampaha,2022,3,305.0
2023,3,Gampaha,2023,2,417.0
2023,3,Gampaha,2023,3,437.0
2023,3,Kalutara,2022,2,155.0
2023,3,Kalutara,2022,3,120.0
2023,3,Kalutara,2023,2,123.0
2023,3,Kalutara,2023,3,110.0
2023,3,Kandy,2022,2,97.0
2023,3,Kandy,2022,3,73.0
2023,3,Kandy,2023,2,86.0
2023,3,Kandy,2023,3,66.0
2023,3,Matale,2022,2,8.0
2023,3,Matale,2022,3,25.0
2023,3,Matale,2023,2,27.0
2023,3,Matale,2023,3,14.0
2023,3,Nuwara Eliya,2022,2,5.0
2023,3,Nuwara Eliya,2022,3,4.0
2023,3,Nuwara Eliya,2023,2,2.0
2023,3,Nuwara Eliya,2023,3,4.0
2023,3,Galle,2022,2,110.0
2023,3,Galle,2022,3,83.0
2023,3,Galle,2023,2,65.0
2023,3,Galle,2023,3,47.0
2023,3,Hambantota,2022,2,34.0
2023,3,Hambantota,2022,3,26.0
2023,3,Hambantota,2023,2,14.0
2023,3,Hambantota,2023,3,24.0
2023,3,Matara,2022,2,37.0
2023,3,Matara,2022,3,31.0
2023,3,Matara,2023,2,28.0
2023,3,Matara,2023,3,41.0
2023,3,Jaffna,2022,2,47.0
2023,3,Jaffna,2022,3,79.0
2023,3,Jaffna,2023,2,103.0
2023,3,Jaffna,2023,3,85.0
2023,3,Kilinochchi,2022,2,1.0
2023,3,Kilinochchi,2022,3,12.0
2023,3,Kilinochchi,2023,2,3.0
2023,3,Kilinochchi,2023,3,4.0
2023,3,Mannar,2022,2,28.0
2023,3,Mannar,2022,3,25.0
2023,3,Mannar,2023,2,17.0
2023,3,Mannar,2023,3,1.0
2023,3,Vavuniya,2022,2,8.0
2023,3,Vavuniya,2022,3,6.0
2023,3,Vavuniya,2023,2,1.0
2023,3,Vavuniya,2023,3,3.0
2023,3,Mullaitivu,2022,2,1.0
2023,3,Mullaitivu,2022,3,0.0
2023,3,Mullaitivu,2023,2,2.0
2023,3,Mullaitivu,2023,3,1.0
2023,3,Batticaloa,2022,2,32.0
2023,3,Batticaloa,2022,3,26.0
2023,3,Batticaloa,2023,2,28.0
2023,3,Batticaloa,2023,3,52.0
2023,3,Ampara,2022,2,7.0
2023,3,Ampara,2022,3,8.0
2023,3,Ampara,2023,2,3.0
2023,3,Ampara,2023,3,3.0
2023,3,Trincomalee,2022,2,24.0
2023,3,Trincomalee,2022,3,41.0
2023,3,Trincomalee,2023,2,31.0
2023,3,Trincomalee,2023,3,38.0
2023,3,Kalmunai,2022,2,17.0
2023,3,Kalmunai,2022,3,42.0
2023,3,Kalmunai,2023,2,107.0
2023,3,Kalmunai,2023,3,163.0
2023,3,Kurunegala,2022,2,157.0
2023,3,Kurunegala,2022,3,109.0
2023,3,Kurunegala,2023,2,73.0
2023,3,Kurunegala,2023,3,61.0
2023,3,Puttalam,2022,2,138.0
2023,3,Puttalam,2022,3,96.0
2023,3,Puttalam,2023,2,257.0
2023,3,Puttalam,2023,3,294.0
2023,3,Anuradhapura,2022,2,15.0
2023,3,Anuradhapura,2022,3,9.0
2023,3,Anuradhapura,2023,2,13.0
2023,3,Anuradhapura,2023,3,17.0
2023,3,Polonnaruwa,2022,2,9.0
2023,3,Polonnaruwa,2022,3,3.0
2023,3,Polonnaruwa,2023,2,13.0
2023,3,Polonnaruwa,2023,3,12.0
2023,3,Badulla,2022,2,55.0
2023,3,Badulla,2022,3,25.0
2023,3,Badulla,2023,2,31.0
2023,3,Badulla,2023,3,30.0
2023,3,Monaragala,2022,2,12.0
2023,3,Monaragala,2022,3,14.0
2023,3,Monaragala,2023,2,15.0
2023,3,Monaragala,2023,3,12.0
2023,3,Ratnapura,2022,2,65.0
2023,3,Ratnapura,2022,3,62.0
2023,3,Ratnapura,2023,2,55.0
2023,3,Ratnapura,2023,3,43.0
2023,3,Kegalle,2022,2,49.0
2023,3,Kegalle,2022,3,20.0
2023,3,Kegalle,2023,2,64.0
2023,3,Kegalle,2023,3,76.0
2023,3,Total,2022,2,2081.0
2023,3,Total,2022,3,1655.0
2023,3,Total,2023,2,2030.0
2023,3,Total,2023,3,2032.0
2023,4,Colombo,2022,3,411.0
2023,4,Colombo,2022,4,277.0
2023,4,Colombo,2023,3,394.0
2023,4,Colombo,2023,4,426.0
2023,4,Gampaha,2022,3,305.0
2023,4,Gampaha,2022,4,170.0
2023,4,Gampaha,2023,3,437.0
2023,4,Gampaha,2023,4,446.0
2023,4,Kalutara,2022,3,120.0
2023,4,Kalutara,2022,4,99.0
2023,4,Kalutara,2023,3,110.0
2023,4,Kalutara,2023,4,128.0
2023,4,Kandy,2022,3,73.0
2023,4,Kandy,2022,4,83.0
2023,4,Kandy,2023,3,66.0
2023,4,Kandy,2023,4,87.0
2023,4,Matale,2022,3,25.0
2023,4,Matale,2022,4,16.0
2023,4,Matale,2023,3,14.0
2023,4,Matale,2023,4,26.0
2023,4,Nuwara Eliya,2022,3,4.0
2023,4,Nuwara Eliya,2022,4,2.0
2023,4,Nuwara Eliya,2023,3,4.0
2023,4,Nuwara Eliya,2023,4,2.0
2023,4,Galle,2022,3,83.0
2023,4,Galle,2022,4,69.0
2023,4,Galle,2023,3,47.0
2023,4,Galle,2023,4,43.0
2023,4,Hambantota,2022,3,26.0
2023,4,Hambantota,2022,4,32.0
2023,4,Hambantota,2023,3,24.0
2023,4,Hambantota,2023,4,16.0
2023,4,Matara,2022,3,31.0
2023,4,Matara,2022,4,17.0
2023,4,Matara,2023,3,41.0
2023,4,Matara,2023,4,25.0
2023,4,Jaffna,2022,3,79.0
2023,4,Jaffna,2022,4,85.0
2023,4,Jaffna,2023,3,85.0
2023,4,Jaffna,2023,4,82.0
2023,4,Kilinochchi,2022,3,12.0
2023,4,Kilinochchi,2022,4,5.0
2023,4,Kilinochchi,2023,3,4.0
2023,4,Kilinochchi,2023,4,3.0
2023,4,Mannar,2022,3,25.0
2023,4,Mannar,2022,4,15.0
2023,4,Mannar,2023,3,1.0
2023,4,Mannar,2023,4,0.0
2023,4,Vavuniya,2022,3,6.0
2023,4,Vavuniya,2022,4,8.0
2023,4,Vavuniya,2023,3,3.0
2023,4,Vavuniya,2023,4,1.0
2023,4,Mullaitivu,2022,3,0.0
2023,4,Mullaitivu,2022,4,1.0
2023,4,Mullaitivu,2023,3,1.0
2023,4,Mullaitivu,2023,4,0.0
2023,4,Batticaloa,2022,3,26.0
2023,4,Batticaloa,2022,4,15.0
2023,4,Batticaloa,2023,3,52.0
2023,4,Batticaloa,2023,4,39.0
2023,4,Ampara,2022,3,8.0
2023,4,Ampara,2022,4,4.0
2023,4,Ampara,2023,3,3.0
2023,4,Ampara,2023,4,0.0
2023,4,Trincomalee,2022,3,41.0
2023,4,Trincomalee,2022,4,27.0
2023,4,Trincomalee,2023,3,38.0
2023,4,Trincomalee,2023,4,43.0
2023,4,Kalmunai,2022,3,42.0
2023,4,Kalmunai,2022,4,30.0
2023,4,Kalmunai,2023,3,163.0
2023,4,Kalmunai,2023,4,108.0
2023,4,Kurunegala,2022,3,109.0
2023,4,Kurunegala,2022,4,82.0
2023,4,Kurunegala,2023,3,61.0
2023,4,Kurunegala,2023,4,80.0
2023,4,Puttalam,2022,3,96.0
2023,4,Puttalam,2022,4,84.0
2023,4,Puttalam,2023,3,294.0
2023,4,Puttalam,2023,4,190.0
2023,4,Anuradhapura,2022,3,9.0
2023,4,Anuradhapura,2022,4,32.0
2023,4,Anuradhapura,2023,3,17.0
2023,4,Anuradhapura,2023,4,14.0
2023,4,Polonnaruwa,2022,3,3.0
2023,4,Polonnaruwa,2022,4,5.0
2023,4,Polonnaruwa,2023,3,12.0
2023,4,Polonnaruwa,2023,4,18.0
2023,4,Badulla,2022,3,25.0
2023,4,Badulla,2022,4,42.0
2023,4,Badulla,2023,3,30.0
2023,4,Badulla,2023,4,32.0
2023,4,Monaragala,2022,3,14.0
2023,4,Monaragala,2022,4,13.0
2023,4,Monaragala,2023,3,12.0
2023,4,Monaragala,2023,4,7.0
2023,4,Ratnapura,2022,3,62.0
2023,4,Ratnapura,2022,4,44.0
2023,4,Ratnapura,2023,3,43.0
2023,4,Ratnapura,2023,4,54.0
2023,4,Kegalle,2022,3,20.0
2023,4,Kegalle,2022,4,40.0
2023,4,Kegalle,2023,3,76.0
2023,4,Kegalle,2023,4,74.0
2023,4,Total,2022,3,1655.0
2023,4,Total,2022,4,1297.0
2023,4,Total,2023,3,2032.0
2023,4,Total,2023,4,1944.0
