date,PRECTOTCORR,T2M,RH2M
20190101,0.12,24.8,80.0
20190102,0.02,24.39,79.51
20190103,0.01,24.17,78.52
20190104,0.0,24.03,77.63
20190105,0.03,24.88,81.53
20190106,0.0,24.56,77.62
20190107,0.02,25.04,79.76
20190108,0.01,25.58,81.23
20190109,0.04,25.37,80.65
20190110,0.23,25.6,81.21
20190111,6.5,25.37,82.99
20190112,2.04,25.66,84.11
20190113,5.47,25.56,86.26
20190114,4.44,25.8,85.05
20190115,1.18,25.59,83.54
20190116,3.96,25.53,83.78
20190117,0.15,24.78,78.57
20190118,0.03,24.12,76.98
20190119,0.0,23.87,76.58
20190120,0.1,24.58,78.26
20190121,0.0,25.38,79.26
20190122,0.04,25.61,80.48
20190123,0.03,25.92,80.44
20190124,0.13,26.28,79.32
20190125,0.92,26.44,80.77
20190126,0.82,26.98,79.92
20190127,0.21,26.74,75.39
20190128,0.02,26.35,74.62
20190129,0.0,25.32,76.04
20190130,0.0,25.54,78.06
20190131,0.02,25.87,77.68
20190201,0.02,26.14,77.27
20190202,0.84,26.51,77.84
20190203,1.86,26.83,80.11
20190204,13.75,26.6,82.77
20190205,7.29,26.58,84.8
20190206,2.55,26.6,81.05
20190207,0.18,26.7,76.65
20190208,0.91,26.9,81.87
20190209,26.92,25.84,85.71
20190210,10.02,26.67,77.39
20190211,0.32,26.4,79.88
20190212,0.11,26.4,79.64
20190213,0.22,26.77,79.44
20190214,3.1,27.05,80.81
20190215,4.83,27.09,81.26
20190216,12.26,26.58,83.87
20190217,6.04,27.05,82.1
20190218,1.15,26.87,82.19
20190219,0.63,27.51,76.77
20190220,0.03,26.69,74.08
20190221,0.07,26.79,75.9
20190222,0.1,26.14,73.94
20190223,0.0,26.05,68.91
20190224,0.0,26.75,69.65
20190225,0.42,27.46,73.83
20190226,6.44,27.08,82.45
20190227,18.91,26.14,85.03
20190228,0.6,26.74,80.78
20190301,0.18,27.91,74.19
20190302,0.02,27.47,72.11
20190303,4.24,27.92,74.86
20190304,2.23,26.77,80.14
20190305,1.04,26.91,81.85
20190306,0.51,27.12,81.52
20190307,0.07,27.63,80.16
20190308,0.48,27.16,80.67
20190309,7.58,27.42,79.5
20190310,2.36,27.66,72.61
20190311,0.57,27.42,68.26
20190312,0.42,27.27,68.45
20190313,0.04,27.5,67.66
20190314,0.14,28.1,65.43
20190315,0.28,27.73,66.35
20190316,1.84,28.15,71.36
20190317,5.19,27.94,73.79
20190318,9.18,28.31,73.0
20190319,0.82,28.17,70.45
20190320,0.18,28.09,70.35
20190321,2.38,27.89,72.46
20190322,0.7,28.23,74.33
20190323,4.45,28.15,76.85
20190324,0.47,27.82,74.09
20190325,0.0,27.99,59.75
20190326,0.0,27.72,65.33
20190327,0.05,28.34,67.13
20190328,0.39,28.09,69.15
20190329,0.01,27.68,70.01
20190330,0.96,27.82,73.83
20190331,0.7,28.09,72.91
20190401,0.1,28.05,71.41
20190402,0.01,27.99,71.89
20190403,0.86,28.44,69.89
20190404,1.06,28.04,67.22
20190405,0.15,28.18,70.2
20190406,0.07,28.69,69.31
20190407,0.13,28.5,74.54
20190408,0.14,28.52,75.03
20190409,0.11,28.82,71.47
20190410,0.46,29.34,69.66
20190411,4.75,28.17,76.9
20190412,1.02,28.8,74.43
20190413,3.06,28.85,76.23
20190414,2.53,29.05,74.02
20190415,2.61,28.74,75.48
20190416,5.37,28.59,78.49
20190417,83.86,27.11,87.37
20190418,3.48,27.7,82.22
20190419,2.37,27.78,81.77
20190420,14.38,27.44,83.18
20190421,3.54,28.02,73.19
20190422,8.55,28.05,79.77
20190423,7.86,27.51,83.27
20190424,3.91,28.59,76.4
20190425,20.1,28.01,79.97
20190426,2.51,27.72,74.85
20190427,3.32,28.12,76.51
20190428,7.92,28.06,83.6
20190429,13.82,28.13,85.18
20190430,10.09,28.05,83.4
20190501,7.16,28.04,85.52
20190502,7.24,28.26,86.58
20190503,7.19,28.15,88.26
20190504,3.01,27.86,83.56
20190505,0.52,27.91,83.81
20190506,0.02,27.71,81.36
20190507,0.18,27.62,82.19
20190508,0.08,27.99,79.34
20190509,0.08,27.78,79.72
20190510,0.08,27.87,78.92
20190511,0.16,27.81,82.5
20190512,0.42,27.8,84.75
20190513,0.29,27.96,82.68
20190514,0.28,28.25,82.58
20190515,0.2,28.32,82.98
20190516,1.61,28.01,84.98
20190517,1.44,27.7,86.2
20190518,1.93,27.76,85.57
20190519,2.56,27.69,82.09
20190520,2.16,27.92,82.99
20190521,2.42,27.88,80.25
20190522,4.11,27.88,79.67
20190523,7.6,27.52,86.64
20190524,8.5,27.31,86.23
20190525,5.18,27.34,85.37
20190526,0.99,27.72,84.51
20190527,0.86,28.0,85.12
20190528,1.95,28.3,86.59
20190529,4.54,28.31,87.12
20190530,5.27,27.77,83.1
20190531,0.84,27.38,83.14
20190601,0.39,27.56,80.75
20190602,0.87,28.13,79.64
20190603,9.28,28.11,82.98
20190604,9.86,27.68,84.55
20190605,7.91,27.63,84.61
20190606,4.34,27.66,86.32
20190607,19.28,27.41,87.07
20190608,4.73,27.71,83.62
20190609,5.55,27.81,84.47
20190610,6.5,27.65,84.54
20190611,8.99,27.84,83.48
20190612,5.97,27.71,86.15
20190613,4.97,27.82,85.6
20190614,2.74,27.14,83.86
20190615,4.35,27.62,84.71
20190616,1.54,27.97,85.73
20190617,0.77,27.89,83.89
20190618,1.14,27.72,84.91
20190619,0.82,27.86,85.52
20190620,2.4,27.08,81.62
20190621,3.46,27.09,83.46
20190622,1.71,27.61,82.8
20190623,1.51,27.55,84.29
20190624,3.58,27.66,86.81
20190625,3.09,27.58,86.17
20190626,0.17,27.48,83.88
20190627,0.11,27.71,81.53
20190628,0.07,27.69,79.11
20190629,0.07,27.92,76.44
20190630,0.11,27.73,80.41
20190701,0.35,27.56,84.55
20190702,1.04,27.65,83.39
20190703,1.55,27.43,84.37
20190704,0.42,27.55,82.52
20190705,0.45,27.48,83.76
20190706,0.32,27.47,83.7
20190707,0.11,27.52,82.49
20190708,0.21,27.7,81.93
20190709,10.34,27.23,86.08
20190710,5.93,26.88,82.01
20190711,1.61,27.12,81.01
20190712,4.52,27.34,83.12
20190713,7.32,26.88,85.91
20190714,5.24,26.86,85.16
20190715,4.11,26.55,84.93
20190716,2.69,26.96,83.54
20190717,5.06,27.2,81.49
20190718,12.86,26.58,83.79
20190719,9.07,26.01,87.04
20190720,3.02,26.16,85.49
20190721,3.5,26.36,81.91
20190722,3.16,26.65,82.87
20190723,0.6,26.4,82.2
20190724,0.91,26.45,83.94
20190725,4.19,26.62,84.82
20190726,1.57,26.41,84.77
20190727,0.2,26.22,85.19
20190728,0.06,26.6,83.26
20190729,0.06,26.64,83.54
20190730,0.05,26.66,82.88
20190731,0.34,26.74,84.65
20190801,1.2,26.62,87.75
20190802,0.4,27.05,85.67
20190803,0.1,27.33,84.5
20190804,1.47,27.33,82.75
20190805,6.08,27.19,83.24
20190806,5.02,27.39,85.1
20190807,9.39,27.29,84.82
20190808,20.99,26.86,85.33
20190809,8.8,26.88,85.2
20190810,13.83,26.79,82.99
20190811,10.96,26.2,84.06
20190812,5.99,26.1,83.34
20190813,17.04,26.05,86.58
20190814,8.81,26.04,86.82
20190815,0.66,26.43,85.88
20190816,4.93,26.51,86.83
20190817,4.84,25.5,82.11
20190818,4.05,25.86,82.56
20190819,6.28,26.4,85.33
20190820,6.0,26.55,86.13
20190821,8.52,26.79,82.19
20190822,16.14,26.45,85.13
20190823,7.95,25.94,84.51
20190824,7.5,26.09,83.81
20190825,11.76,26.09,82.01
20190826,5.86,25.89,80.66
20190827,6.78,26.1,84.78
20190828,6.48,26.7,85.4
20190829,23.7,26.32,85.04
20190830,8.26,26.24,84.44
20190831,5.96,26.76,84.7
20190901,10.48,26.49,87.89
20190902,3.51,26.77,85.56
20190903,1.67,26.52,86.51
20190904,2.7,26.61,86.18
20190905,4.73,26.79,85.18
20190906,2.96,26.97,86.57
20190907,1.17,27.13,86.98
20190908,0.61,26.96,85.31
20190909,1.19,26.97,80.23
20190910,4.04,26.76,85.89
20190911,22.52,26.76,87.88
20190912,10.08,26.09,86.2
20190913,5.1,26.14,84.7
20190914,9.66,26.32,85.03
20190915,30.17,26.21,88.33
20190916,29.38,26.02,86.73
20190917,9.85,26.47,87.53
20190918,4.5,26.82,86.54
20190919,12.18,26.55,87.48
20190920,5.19,25.42,81.87
20190921,3.26,26.17,86.79
20190922,20.75,26.02,89.57
20190923,42.05,26.05,88.64
20190924,39.2,25.96,87.65
20190925,23.33,25.7,89.82
20190926,2.83,26.13,84.47
20190927,5.65,26.7,79.23
20190928,7.32,26.67,79.19
20190929,14.57,26.0,82.08
20190930,2.39,26.17,83.12
20191001,3.44,26.05,85.43
20191002,2.14,26.71,82.71
20191003,13.91,27.05,82.28
20191004,21.38,25.89,86.65
20191005,15.44,25.97,86.07
20191006,15.9,25.84,85.37
20191007,13.86,25.91,84.16
20191008,12.65,26.13,86.44
20191009,7.9,26.21,87.94
20191010,9.31,25.69,89.01
20191011,20.99,25.84,88.21
20191012,5.96,26.34,85.3
20191013,14.39,26.4,85.72
20191014,12.28,27.09,83.71
20191015,25.32,26.64,86.84
20191016,32.27,25.97,90.36
20191017,8.12,25.77,89.63
20191018,15.89,26.82,82.38
20191019,39.95,26.68,85.64
20191020,43.59,26.62,87.24
20191021,26.76,26.04,90.63
20191022,4.65,25.62,87.7
20191023,7.94,26.03,86.14
20191024,41.67,25.28,90.24
20191025,9.27,24.97,87.0
20191026,2.37,25.05,87.78
20191027,16.86,25.21,87.3
20191028,13.67,25.89,83.69
20191029,20.98,25.69,87.6
20191030,27.28,25.88,89.31
20191031,2.92,25.34,88.84
20191101,1.4,26.37,82.62
20191102,11.1,26.75,79.46
20191103,18.13,26.35,78.76
20191104,14.7,25.8,87.46
20191105,4.41,25.9,87.11
20191106,0.44,26.14,86.05
20191107,1.66,26.44,85.05
20191108,3.29,26.34,87.16
20191109,6.24,26.07,90.8
20191110,6.41,26.44,88.9
20191111,13.09,25.34,89.66
20191112,3.47,26.63,81.23
20191113,3.34,27.14,79.49
20191114,2.22,27.25,77.2
20191115,20.29,27.14,81.99
20191116,13.67,26.62,88.29
20191117,15.27,27.02,83.36
20191118,5.32,27.21,78.68
20191119,23.87,27.19,83.13
20191120,14.46,26.82,82.79
20191121,1.18,27.13,78.77
20191122,20.06,26.48,83.74
20191123,11.02,26.0,90.53
20191124,7.93,26.77,87.69
20191125,6.81,27.07,81.23
20191126,10.31,26.96,83.74
20191127,6.9,26.86,85.0
20191128,13.21,27.27,86.46
20191129,23.52,26.98,86.66
20191130,61.26,26.07,89.73
20191201,22.32,25.94,88.59
20191202,11.77,26.36,85.75
20191203,3.46,26.21,81.58
20191204,18.15,26.41,85.97
20191205,46.94,26.39,87.28
20191206,8.58,26.48,84.25
20191207,0.92,26.43,84.47
20191208,1.11,25.67,88.11
20191209,4.2,25.53,90.95
20191210,18.63,26.48,87.56
20191211,5.6,25.85,87.38
20191212,2.07,25.55,86.04
20191213,0.87,26.92,79.38
20191214,3.27,26.45,82.86
20191215,0.39,26.15,83.79
20191216,0.43,26.07,82.04
20191217,6.08,26.31,85.46
20191218,8.57,26.64,86.49
20191219,20.44,26.51,87.91
20191220,33.68,26.64,86.13
20191221,7.73,26.64,83.87
20191222,2.93,26.75,87.81
20191223,11.86,25.64,89.89
20191224,4.28,26.62,83.52
20191225,6.77,26.6,82.77
20191226,2.25,26.33,80.37
20191227,0.53,25.44,81.37
20191228,0.32,25.87,81.91
20191229,0.04,25.29,79.7
20191230,0.0,25.81,75.01
20191231,2.26,26.64,78.64
20200101,3.17,27.19,78.85
20200102,13.41,27.37,81.28
20200103,2.49,27.46,79.13
20200104,8.44,27.06,82.67
20200105,1.36,27.08,78.81
20200106,0.31,26.37,82.52
20200107,0.73,26.31,83.25
20200108,0.38,25.84,82.61
20200109,0.0,25.22,80.11
20200110,0.0,25.22,77.89
20200111,0.33,25.38,83.09
20200112,0.62,25.87,83.46
20200113,0.43,24.72,78.23
20200114,0.0,24.22,76.29
20200115,0.0,24.43,75.2
20200116,0.35,25.51,78.55
20200117,3.65,26.38,82.67
20200118,2.48,26.79,80.3
20200119,5.67,26.44,83.6
20200120,2.6,26.5,83.29
20200121,2.18,26.43,83.76
20200122,7.41,26.52,86.85
20200123,1.05,26.59,85.19
20200124,0.15,26.37,83.81
20200125,0.03,25.93,81.81
20200126,0.09,25.87,77.87
20200127,0.29,25.83,77.4
20200128,0.29,26.25,74.77
20200129,0.16,25.84,73.47
20200130,0.09,25.75,75.65
20200131,0.37,25.54,76.9
20200201,0.02,25.07,75.61
20200202,0.05,25.68,73.88
20200203,0.05,25.88,78.06
20200204,0.24,26.12,80.1
20200205,3.74,25.78,82.52
20200206,0.37,26.53,78.43
20200207,0.0,26.38,77.68
20200208,0.01,26.4,75.75
20200209,0.02,25.93,76.51
20200210,0.0,25.52,75.8
20200211,0.33,25.99,79.1
20200212,2.43,26.68,82.62
20200213,1.34,26.66,81.82
20200214,2.0,26.27,82.13
20200215,1.07,27.3,78.08
20200216,0.35,27.28,77.21
20200217,0.06,26.22,77.45
20200218,0.0,25.39,72.1
20200219,0.0,25.55,72.74
20200220,0.23,26.54,76.82
20200221,3.47,27.27,82.49
20200222,1.82,27.11,82.29
20200223,0.86,26.82,80.43
20200224,0.16,27.39,76.52
20200225,0.26,27.89,76.51
20200226,0.02,27.67,74.77
20200227,0.01,27.24,73.36
20200228,0.0,26.99,72.24
20200229,0.01,27.47,69.1
20200301,0.0,28.01,70.59
20200302,0.02,27.77,71.49
20200303,0.07,27.81,69.11
20200304,0.05,27.83,72.35
20200305,1.32,27.43,77.66
20200306,7.74,27.31,82.21
20200307,3.51,27.21,79.68
20200308,0.44,27.73,73.61
20200309,0.32,28.06,75.0
20200310,2.12,27.96,72.67
20200311,0.37,27.44,73.3
20200312,0.19,27.97,71.93
20200313,0.1,27.89,71.29
20200314,0.27,27.94,74.39
20200315,0.28,28.45,73.29
20200316,3.78,28.57,74.03
20200317,5.39,28.49,73.64
20200318,2.89,29.01,71.39
20200319,1.48,28.08,74.1
20200320,1.73,27.78,76.93
20200321,1.31,27.79,74.38
20200322,0.33,27.78,73.58
20200323,1.53,28.32,71.02
20200324,1.35,28.28,69.53
20200325,1.27,27.98,73.93
20200326,0.38,28.36,64.11
20200327,0.03,28.11,62.72
20200328,0.03,28.38,66.45
20200329,1.82,27.8,77.91
20200330,4.76,28.47,74.06
20200331,3.26,28.56,68.24
20200401,0.66,28.72,68.47
20200402,0.13,28.39,68.1
20200403,2.27,28.47,69.03
20200404,6.53,28.37,73.83
20200405,3.76,28.8,74.64
20200406,1.04,28.87,71.31
20200407,1.45,28.1,77.74
20200408,4.43,27.92,80.18
20200409,3.39,27.94,79.87
20200410,7.89,28.2,76.79
20200411,6.89,28.74,73.22
20200412,8.84,28.72,74.05
20200413,3.94,28.51,75.22
20200414,18.62,28.32,76.26
20200415,6.8,28.51,75.92
20200416,5.09,28.68,76.16
20200417,12.88,28.51,79.61
20200418,3.05,28.98,74.22
20200419,5.48,29.01,74.75
20200420,1.51,29.24,73.33
20200421,1.96,29.09,75.95
20200422,23.56,28.02,84.51
20200423,8.56,27.96,84.63
20200424,15.19,27.35,85.22
20200425,2.89,28.55,80.01
20200426,14.41,27.71,86.25
20200427,8.22,28.48,82.61
20200428,6.65,27.89,84.8
20200429,4.96,27.88,82.72
20200430,6.14,27.62,82.35
20200501,3.75,28.04,77.2
20200502,1.83,28.43,80.5
20200503,2.99,28.53,83.52
20200504,4.42,28.4,83.88
20200505,12.79,27.78,83.66
20200506,10.34,27.69,83.85
20200507,12.07,28.19,80.91
20200508,6.98,27.42,86.43
20200509,10.99,28.09,83.41
20200510,10.83,28.08,84.49
20200511,62.95,27.03,89.38
20200512,20.68,28.59,79.03
20200513,8.28,27.47,83.75
20200514,7.76,28.11,82.19
20200515,29.01,27.89,85.89
20200516,27.9,27.67,86.33
20200517,9.84,28.04,86.61
20200518,22.36,27.69,88.13
20200519,18.76,27.16,87.47
20200520,4.59,28.06,85.03
20200521,8.02,27.12,85.29
20200522,5.75,27.47,86.04
20200523,2.3,27.69,86.53
20200524,3.48,27.77,86.7
20200525,5.22,27.46,88.28
20200526,4.85,27.58,89.33
20200527,10.63,27.47,90.45
20200528,6.16,27.54,89.03
20200529,5.95,26.64,89.37
20200530,3.91,26.83,88.77
20200531,2.57,27.54,86.18
20200601,0.32,27.3,85.55
20200602,0.17,27.19,83.94
20200603,0.08,27.07,82.06
20200604,0.23,27.15,85.35
20200605,5.2,27.5,85.95
20200606,24.64,26.92,83.04
20200607,10.76,26.77,84.26
20200608,6.22,27.21,86.21
20200609,3.79,27.4,86.82
20200610,7.4,27.5,87.97
20200611,3.85,26.58,83.64
20200612,10.15,27.02,84.14
20200613,3.05,27.3,85.34
20200614,2.2,27.36,86.31
20200615,2.28,27.57,87.83
20200616,2.02,27.46,87.68
20200617,3.63,27.26,86.05
20200618,1.38,27.45,85.02
20200619,1.42,27.38,86.05
20200620,4.46,26.9,86.71
20200621,5.42,26.52,84.56
20200622,1.32,26.63,83.29
20200623,0.82,27.14,80.83
20200624,7.29,26.81,85.8
20200625,11.88,25.91,84.61
20200626,6.94,26.32,84.65
20200627,4.03,26.93,84.37
20200628,1.65,27.1,85.47
20200629,4.83,27.02,87.2
20200630,5.32,26.98,87.8
20200701,1.37,26.87,88.5
20200702,1.88,26.89,86.82
20200703,6.08,26.13,85.27
20200704,0.4,26.57,82.58
20200705,0.68,26.78,84.68
20200706,4.63,26.83,82.54
20200707,1.21,26.9,83.24
20200708,2.2,26.32,87.52
20200709,6.11,26.43,86.02
20200710,11.09,26.06,88.92
20200711,4.71,26.1,89.11
20200712,3.98,26.36,86.13
20200713,1.06,26.3,85.79
20200714,1.28,26.8,86.24
20200715,3.39,27.1,87.61
20200716,6.11,26.14,88.15
20200717,5.89,25.46,89.23
20200718,3.24,26.16,87.47
20200719,8.96,26.27,87.54
20200720,10.85,26.2,88.91
20200721,1.74,26.11,86.76
20200722,0.67,26.15,85.58
20200723,6.71,26.03,88.54
20200724,5.13,26.33,84.91
20200725,2.93,25.6,85.9
20200726,1.15,25.18,84.25
20200727,1.42,26.13,84.4
20200728,3.52,26.27,86.85
20200729,15.27,25.65,86.22
20200730,2.23,26.35,82.14
20200731,5.25,26.61,84.48
20200801,8.07,26.61,85.21
20200802,14.43,26.34,87.43
20200803,6.24,26.15,88.91
20200804,4.58,26.18,89.26
20200805,7.11,26.02,87.32
20200806,33.07,26.22,87.4
20200807,9.37,26.33,85.54
20200808,6.86,26.04,86.35
20200809,5.99,25.49,88.33
20200810,3.69,26.08,88.58
20200811,5.61,26.06,90.7
20200812,2.34,26.14,88.53
20200813,0.45,26.07,86.27
20200814,0.2,26.05,86.58
20200815,0.21,26.11,89.39
20200816,0.2,26.23,88.04
20200817,0.48,26.46,87.21
20200818,0.41,26.56,85.03
20200819,0.3,26.48,85.68
20200820,0.23,26.55,87.17
20200821,0.16,26.74,84.96
20200822,1.28,26.85,84.41
20200823,1.52,26.63,85.28
20200824,0.86,26.59,85.06
20200825,1.08,26.75,85.24
20200826,2.38,26.57,85.5
20200827,2.98,26.65,84.79
20200828,1.8,26.52,84.83
20200829,0.42,26.5,84.93
20200830,0.58,26.55,84.63
20200831,2.51,26.19,86.57
20200901,5.79,26.09,83.86
20200902,16.8,25.66,87.87
20200903,2.97,26.18,87.53
20200904,4.38,26.32,88.05
20200905,5.6,26.15,87.49
20200906,17.7,26.4,84.11
20200907,4.96,26.01,83.67
20200908,6.64,26.4,85.49
20200909,15.21,26.39,89.21
20200910,8.28,26.16,87.34
20200911,3.7,26.59,84.34
20200912,2.75,26.37,86.12
20200913,8.21,26.29,86.55
20200914,7.44,26.24,86.24
20200915,3.65,26.4,86.15
20200916,1.84,26.42,88.51
20200917,4.26,26.34,90.48
20200918,8.01,26.33,90.11
20200919,17.89,25.88,87.0
20200920,14.3,26.23,79.76
20200921,4.04,26.25,82.33
20200922,13.59,26.22,86.01
20200923,2.5,26.38,85.59
20200924,5.73,26.12,87.73
20200925,11.26,24.95,91.21
20200926,2.32,26.1,86.55
20200927,2.78,26.06,89.24
20200928,8.32,26.06,89.49
20200929,14.65,26.25,88.79
20200930,10.89,26.14,86.86
20201001,1.67,26.25,85.1
20201002,2.06,26.16,84.66
20201003,2.63,26.38,84.71
20201004,0.71,26.25,83.53
20201005,0.34,26.25,83.52
20201006,0.28,26.22,83.7
20201007,0.38,26.22,82.55
20201008,1.88,26.34,84.91
20201009,7.68,26.5,85.1
20201010,12.68,26.35,85.4
20201011,10.91,26.57,84.47
20201012,6.38,26.65,85.35
20201013,8.27,26.59,87.62
20201014,11.44,26.69,87.27
20201015,11.16,26.48,88.48
20201016,2.68,26.28,87.51
20201017,0.1,26.3,81.99
20201018,0.33,26.42,86.01
20201019,0.62,26.48,86.41
20201020,0.9,26.6,86.78
20201021,2.23,26.72,87.37
20201022,3.52,26.61,87.32
20201023,1.22,26.37,87.19
20201024,1.78,26.49,85.87
20201025,1.28,26.45,86.24
20201026,1.2,26.41,86.42
20201027,3.31,26.63,83.46
20201028,1.47,26.31,84.65
20201029,1.21,26.5,83.27
20201030,2.44,26.13,85.93
20201031,2.07,26.7,82.62
20201101,2.09,26.31,86.45
20201102,0.93,26.49,85.08
20201103,4.25,27.01,81.61
20201104,17.59,26.96,83.97
20201105,14.85,27.3,80.54
20201106,19.67,26.83,85.2
20201107,5.81,27.72,78.07
20201108,15.92,27.32,81.2
20201109,7.91,26.94,86.49
20201110,13.41,26.84,87.43
20201111,24.48,27.52,80.68
20201112,10.87,26.87,86.35
20201113,21.48,26.97,84.64
20201114,24.59,27.34,83.15
20201115,26.15,27.01,87.62
20201116,30.86,27.01,83.6
20201117,23.0,26.1,86.14
20201118,20.42,25.84,86.45
20201119,3.04,26.56,81.6
20201120,10.9,26.79,80.13
20201121,3.85,26.43,83.25
20201122,2.32,25.73,85.24
20201123,3.87,25.26,89.79
20201124,5.55,25.94,87.33
20201125,6.67,26.31,89.1
20201126,1.6,26.22,84.79
20201127,2.44,25.9,83.43
20201128,2.28,26.62,78.23
20201129,0.95,26.73,80.16
20201130,0.96,26.36,82.97
20201201,2.7,25.73,87.98
20201202,15.39,25.57,91.66
20201203,18.96,26.0,88.42
20201204,16.12,26.33,85.94
20201205,19.75,26.46,88.41
20201206,0.76,26.28,86.46
20201207,0.65,26.48,78.39
20201208,3.92,27.05,78.14
20201209,3.99,26.97,81.54
20201210,5.36,26.39,81.55
20201211,1.12,26.17,81.28
20201212,1.14,25.39,84.38
20201213,0.03,25.54,78.89
20201214,0.02,25.07,78.17
20201215,10.82,25.63,81.22
20201216,6.79,26.53,78.23
20201217,3.47,26.28,79.63
20201218,8.08,25.96,82.25
20201219,4.14,25.7,85.91
20201220,13.14,25.44,89.75
20201221,8.75,25.61,88.44
20201222,9.25,25.54,90.41
20201223,15.7,25.31,89.84
20201224,4.79,26.17,84.6
20201225,0.37,25.47,83.26
20201226,0.79,25.25,82.21
20201227,7.08,25.63,87.75
20201228,5.58,25.74,87.73
20201229,9.14,26.26,86.53
20201230,3.75,26.33,82.12
20201231,20.28,26.57,85.2
20210101,5.32,25.5,82.71
20210102,2.3,25.89,85.31
20210103,2.73,26.47,83.66
20210104,24.62,26.24,85.56
20210105,7.17,25.98,84.23
20210106,16.64,26.27,83.99
20210107,3.07,26.27,83.59
20210108,9.25,26.04,86.62
20210109,21.54,25.73,87.24
20210110,7.56,24.75,87.42
20210111,5.77,25.08,90.51
20210112,13.74,25.69,89.82
20210113,26.31,26.19,85.9
20210114,13.7,25.69,84.14
20210115,3.71,25.34,77.6
20210116,7.99,24.42,87.79
20210117,4.99,26.1,83.65
20210118,3.42,25.59,85.88
20210119,4.92,25.42,85.35
20210120,8.79,25.72,90.4
20210121,3.01,27.04,83.87
20210122,0.71,26.65,80.61
20210123,0.03,25.77,79.61
20210124,0.01,25.09,79.36
20210125,0.01,24.94,79.11
20210126,0.0,24.26,76.99
20210127,0.01,24.26,80.09
20210128,0.01,25.18,80.43
20210129,7.23,24.34,90.29
20210130,5.1,25.88,84.46
20210131,11.76,25.77,81.62
20210201,4.25,25.63,85.79
20210202,2.96,26.01,86.77
20210203,0.86,25.62,84.31
20210204,0.08,25.27,81.84
20210205,0.27,25.23,82.11
20210206,3.76,25.65,83.49
20210207,2.13,25.97,85.16
20210208,1.96,25.53,84.05
20210209,0.07,24.47,80.17
20210210,0.0,24.33,77.48
20210211,0.0,24.34,76.14
20210212,0.01,25.14,78.61
20210213,0.29,25.86,81.14
20210214,0.34,26.13,82.39
20210215,0.1,26.21,80.65
20210216,0.09,25.9,80.74
20210217,0.01,26.05,79.03
20210218,0.1,25.74,78.93
20210219,3.13,26.16,83.55
20210220,3.12,26.92,80.84
20210221,2.51,26.87,79.12
20210222,4.94,26.4,83.97
20210223,0.21,26.07,81.08
20210224,2.51,26.33,79.41
20210225,0.9,26.71,81.21
20210226,0.13,26.55,80.36
20210227,0.09,26.49,78.97
20210228,0.04,26.71,73.05
20210301,0.14,26.17,71.51
20210302,0.07,25.73,67.66
20210303,0.09,25.79,70.8
20210304,0.05,26.33,69.7
20210305,0.07,26.99,71.12
20210306,11.51,27.21,76.66
20210307,8.42,27.11,78.96
20210308,9.53,27.42,78.65
20210309,0.73,27.48,72.67
20210310,8.86,27.02,76.22
20210311,9.31,26.81,77.75
20210312,4.11,26.79,76.57
20210313,4.54,27.48,75.0
20210314,5.95,27.22,78.69
20210315,0.37,27.45,74.3
20210316,0.58,27.45,74.39
20210317,1.21,27.51,73.67
20210318,6.49,26.97,77.22
20210319,7.43,25.94,83.03
20210320,6.79,25.82,77.12
20210321,9.4,26.94,74.84
20210322,3.69,27.09,80.25
20210323,2.02,27.52,78.58
20210324,6.87,26.92,83.04
20210325,3.6,26.99,73.8
20210326,5.48,27.12,72.28
20210327,10.2,27.27,75.13
20210328,38.14,26.92,77.36
20210329,7.1,26.7,80.64
20210330,4.89,26.77,80.74
20210331,0.27,27.14,83.22
20210401,0.31,27.21,87.03
20210402,0.4,27.95,83.46
20210403,0.33,27.4,82.51
20210404,0.15,27.19,81.76
20210405,0.42,27.94,79.18
20210406,0.81,28.33,74.66
20210407,2.77,27.41,78.69
20210408,3.84,26.74,82.31
20210409,1.77,27.01,81.42
20210410,4.72,27.29,79.12
20210411,7.99,26.99,81.86
20210412,10.46,27.4,74.82
20210413,6.67,27.1,82.44
20210414,17.11,27.39,82.0
20210415,30.57,26.31,86.01
20210416,7.39,26.93,81.39
20210417,3.81,27.09,85.68
20210418,3.42,27.01,87.11
20210419,4.01,27.2,85.88
20210420,4.42,27.55,83.58
20210421,9.76,27.71,85.12
20210422,8.74,27.36,86.43
20210423,12.22,27.21,87.24
20210424,8.7,27.69,83.3
20210425,1.84,27.96,79.59
20210426,5.7,27.45,86.43
20210427,0.29,27.63,85.27
20210428,1.82,27.62,86.27
20210429,13.44,27.47,84.15
20210430,10.05,28.02,81.08
20210501,19.71,26.97,88.42
20210502,4.96,27.38,83.66
20210503,17.16,27.39,85.38
20210504,23.07,26.86,86.12
20210505,2.33,28.08,79.8
20210506,25.8,27.56,85.87
20210507,8.82,27.87,81.24
20210508,11.38,27.53,84.39
20210509,11.77,27.81,84.42
20210510,19.34,26.99,89.37
20210511,46.34,26.99,90.06
20210512,15.18,27.2,89.11
20210513,28.96,27.33,88.36
20210514,19.65,26.82,87.74
20210515,4.87,26.6,89.49
20210516,1.17,26.76,87.29
20210517,1.38,27.56,83.0
20210518,0.55,27.76,82.57
20210519,4.52,27.39,86.97
20210520,22.9,27.34,86.44
20210521,19.78,27.46,83.86
20210522,14.77,27.52,88.45
20210523,12.88,27.65,88.1
20210524,28.07,27.61,89.92
20210525,35.07,26.92,88.26
20210526,15.86,26.91,84.48
20210527,8.54,26.93,84.89
20210528,5.78,27.19,86.36
20210529,3.52,27.24,88.32
20210530,1.51,27.31,87.52
20210531,1.34,27.18,87.81
20210601,0.95,27.22,85.64
20210602,9.9,27.27,87.24
20210603,21.72,27.23,86.91
20210604,75.05,26.41,91.95
20210605,8.29,26.22,89.71
20210606,4.01,26.9,86.14
20210607,4.0,26.8,88.31
20210608,17.61,26.98,89.7
20210609,7.74,26.46,88.71
20210610,3.1,26.8,87.9
20210611,0.83,26.88,84.4
20210612,2.2,27.05,85.14
20210613,10.87,26.96,87.3
20210614,23.94,26.42,88.73
20210615,1.06,26.63,86.25
20210616,0.73,26.67,86.65
20210617,0.98,26.71,87.75
20210618,0.65,26.5,90.75
20210619,0.34,26.65,87.28
20210620,0.1,26.41,86.95
20210621,0.43,26.66,88.01
20210622,2.97,26.88,88.33
20210623,2.89,26.59,85.56
20210624,10.03,26.46,87.86
20210625,2.43,26.72,86.91
20210626,2.2,26.5,84.97
20210627,4.3,26.5,86.09
20210628,2.23,26.5,84.7
20210629,1.45,26.6,85.41
20210630,2.82,26.64,88.57
20210701,15.8,26.58,87.89
20210702,1.61,26.69,85.5
20210703,3.51,26.79,88.04
20210704,6.35,26.4,88.93
20210705,7.18,26.51,88.17
20210706,4.8,26.5,87.46
20210707,5.11,26.35,87.67
20210708,6.23,26.81,88.75
20210709,19.95,26.61,87.64
20210710,20.06,25.89,88.99
20210711,3.37,26.29,86.77
20210712,4.52,26.17,88.86
20210713,3.49,25.98,88.14
20210714,1.05,26.02,90.24
20210715,1.04,26.19,88.88
20210716,1.13,25.99,89.92
20210717,1.48,26.49,87.28
20210718,2.26,26.3,89.63
20210719,0.61,26.44,88.07
20210720,0.25,26.44,88.77
20210721,0.91,26.58,88.36
20210722,4.45,26.53,90.43
20210723,10.2,26.48,87.97
20210724,10.33,26.24,84.63
20210725,18.5,26.13,87.93
20210726,12.98,26.23,86.9
20210727,14.44,26.41,89.58
20210728,4.7,26.28,89.22
20210729,0.64,26.21,87.97
20210730,0.52,26.46,88.0
20210731,0.27,26.24,88.27
20210801,0.43,26.15,89.13
20210802,1.13,26.28,88.21
20210803,0.38,26.09,84.77
20210804,1.36,26.4,88.82
20210805,4.75,26.34,88.92
20210806,4.13,26.49,89.29
20210807,7.6,26.33,89.85
20210808,7.47,25.68,89.46
20210809,13.82,25.55,89.41
20210810,2.05,25.93,86.71
20210811,9.43,26.04,88.25
20210812,14.02,26.0,87.76
20210813,3.09,25.91,87.57
20210814,1.18,25.87,86.91
20210815,0.86,25.98,89.13
20210816,1.89,25.82,89.01
20210817,2.95,25.82,90.37
20210818,5.41,25.69,86.92
20210819,1.38,26.05,87.48
20210820,1.58,26.41,86.88
20210821,6.92,26.11,88.48
20210822,4.25,26.06,87.5
20210823,2.59,25.74,87.25
20210824,3.22,25.91,85.92
20210825,14.17,26.28,88.0
20210826,17.05,26.54,86.38
20210827,10.25,26.6,87.04
20210828,9.87,26.29,88.23
20210829,12.08,25.99,86.98
20210830,3.65,26.16,86.92
20210831,1.15,26.45,88.02
20210901,4.56,26.56,87.03
20210902,6.28,26.37,87.27
20210903,4.9,26.23,86.97
20210904,6.68,26.3,87.68
20210905,11.35,26.77,87.45
20210906,8.51,26.48,87.94
20210907,5.43,26.49,87.32
20210908,4.57,26.22,87.34
20210909,1.42,26.5,85.35
20210910,2.31,26.66,85.87
20210911,1.44,26.43,85.62
20210912,2.39,26.39,84.82
20210913,6.58,26.47,86.43
20210914,5.45,26.62,88.4
20210915,6.64,26.91,89.95
20210916,8.29,26.24,88.87
20210917,6.0,26.32,88.72
20210918,6.65,26.39,86.65
20210919,2.83,26.68,88.21
20210920,5.86,26.72,88.27
20210921,6.33,26.52,89.33
20210922,2.94,26.74,88.08
20210923,5.05,26.86,85.56
20210924,16.09,27.09,85.95
20210925,6.18,26.39,84.5
20210926,14.33,26.45,87.01
20210927,13.72,25.61,87.51
20210928,8.07,26.06,86.26
20210929,1.05,26.4,86.87
20210930,7.1,26.39,86.4
20211001,43.12,25.21,88.27
20211002,13.63,25.46,88.26
20211003,3.08,25.93,88.57
20211004,10.25,26.18,90.16
20211005,24.65,25.94,90.26
20211006,16.25,26.17,88.58
20211007,1.07,26.5,88.68
20211008,1.14,26.55,86.77
20211009,2.03,26.52,86.12
20211010,13.07,26.67,88.23
20211011,18.78,26.22,87.76
20211012,5.2,26.46,84.24
20211013,0.82,26.63,86.53
20211014,0.98,26.88,87.81
20211015,2.0,26.95,87.48
20211016,6.33,26.92,86.39
20211017,3.24,26.61,87.8
20211018,3.01,26.84,86.68
20211019,4.97,26.63,83.84
20211020,14.81,26.88,84.94
20211021,33.26,26.74,86.1
20211022,9.53,26.55,85.41
20211023,9.21,26.09,85.24
20211024,10.47,25.84,85.16
20211025,10.69,26.3,86.52
20211026,21.41,25.64,87.21
20211027,14.6,25.83,85.73
20211028,9.18,25.77,87.57
20211029,26.3,25.18,90.49
20211030,23.0,26.04,86.81
20211031,37.3,26.45,90.51
20211101,33.65,25.65,90.76
20211102,14.7,26.28,84.85
20211103,14.79,25.86,87.62
20211104,17.62,25.61,88.88
20211105,13.13,25.93,88.3
20211106,15.18,26.16,87.49
20211107,26.31,25.9,86.79
20211108,36.77,25.63,85.64
20211109,28.3,24.84,89.67
20211110,13.81,25.78,88.56
20211111,7.23,25.82,88.14
20211112,10.02,26.41,85.58
20211113,9.56,26.19,86.11
20211114,10.43,26.41,88.18
20211115,14.82,26.42,89.37
20211116,12.51,25.95,91.51
20211117,14.58,25.89,89.62
20211118,6.36,25.8,87.06
20211119,12.47,26.16,88.33
20211120,2.11,25.71,83.75
20211121,0.12,25.81,78.77
20211122,0.32,25.85,83.06
20211123,12.88,26.02,86.72
20211124,41.82,25.63,89.95
20211125,16.29,25.31,91.86
20211126,5.57,26.16,89.8
20211127,17.89,26.25,86.1
20211128,24.35,25.63,90.05
20211129,9.74,25.71,87.25
20211130,12.38,26.52,80.9
20211201,3.82,27.28,79.31
20211202,5.81,26.59,84.73
20211203,3.12,26.58,83.68
20211204,4.99,26.59,85.04
20211205,6.09,26.65,82.0
20211206,6.92,26.66,83.0
20211207,0.59,26.42,80.23
20211208,2.08,26.32,83.34
20211209,12.88,26.41,83.17
20211210,1.65,26.13,83.95
20211211,0.97,26.46,84.19
20211212,5.16,26.34,84.5
20211213,12.05,25.97,88.45
20211214,4.78,25.68,87.75
20211215,3.84,25.59,88.39
20211216,2.61,25.95,86.07
20211217,0.8,25.89,83.92
20211218,7.92,25.88,86.06
20211219,3.24,26.01,84.77
20211220,0.19,25.85,85.05
20211221,0.14,26.09,83.93
20211222,0.87,26.27,82.37
20211223,0.59,25.54,82.34
20211224,0.13,24.59,78.58
20211225,0.0,24.3,77.2
20211226,0.02,24.54,77.83
20211227,0.01,24.89,80.03
20211228,0.01,24.88,80.34
20211229,0.16,25.27,82.43
20211230,1.24,26.24,81.9
20211231,2.27,26.5,80.41
20220101,4.03,26.68,83.19
20220102,3.49,26.42,84.8
20220103,17.9,26.01,87.43
20220104,4.02,26.16,86.17
20220105,3.68,26.1,86.58
20220106,3.02,26.2,86.73
20220107,2.88,26.43,84.16
20220108,1.57,25.84,85.18
20220109,3.05,25.96,84.14
20220110,1.6,25.73,85.01
20220111,0.44,26.15,84.39
20220112,1.25,26.54,84.18
20220113,2.46,26.98,82.87
20220114,0.62,26.88,83.0
20220115,0.76,27.13,80.43
20220116,6.26,26.57,83.16
20220117,3.28,26.18,83.14
20220118,1.31,25.99,82.98
20220119,0.13,25.57,80.27
20220120,0.0,24.67,75.72
20220121,0.0,24.36,72.19
20220122,0.0,25.2,67.9
20220123,0.0,25.42,77.16
20220124,0.11,25.34,77.49
20220125,0.34,24.92,80.61
20220126,0.45,25.06,80.7
20220127,0.17,24.76,76.19
20220128,0.28,25.58,80.07
20220129,1.07,26.79,83.41
20220130,0.75,26.93,80.65
20220131,4.18,26.75,82.84
20220201,0.09,25.49,77.85
20220202,0.0,25.04,73.92
20220203,0.01,25.49,76.15
20220204,0.0,25.78,73.29
20220205,0.1,26.21,72.52
20220206,0.06,25.63,73.36
20220207,0.68,25.55,80.37
20220208,0.01,25.39,74.72
20220209,0.3,25.05,75.4
20220210,5.41,25.71,83.81
20220211,5.56,26.24,80.87
20220212,21.58,26.18,80.88
20220213,11.71,25.19,88.64
20220214,1.99,25.8,82.77
20220215,0.02,25.64,76.66
20220216,0.0,25.29,76.62
20220217,0.0,25.2,74.21
20220218,4.37,25.85,77.27
20220219,15.02,26.24,85.52
20220220,1.16,26.37,85.93
20220221,0.7,27.3,79.9
20220222,2.07,26.94,77.35
20220223,43.25,26.18,79.04
20220224,34.01,26.31,82.86
20220225,2.09,26.15,80.59
20220226,5.3,26.67,81.78
20220227,0.42,26.17,79.86
20220228,0.04,25.76,79.25
20220301,0.04,25.99,78.26
20220302,0.55,25.7,81.34
20220303,0.54,26.23,81.44
20220304,2.53,26.06,85.28
20220305,0.31,26.34,83.31
20220306,0.01,26.52,80.79
20220307,4.85,26.78,82.78
20220308,7.88,27.13,80.75
20220309,0.25,26.59,76.26
20220310,0.97,26.87,75.84
20220311,4.92,26.67,78.2
20220312,7.22,26.75,81.07
20220313,1.76,26.92,79.89
20220314,0.57,27.31,77.78
20220315,0.25,26.72,77.01
20220316,0.49,26.84,80.42
20220317,8.85,27.46,80.51
20220318,2.93,27.09,79.21
20220319,2.78,26.92,84.1
20220320,1.5,27.21,82.56
20220321,0.28,27.24,81.31
20220322,0.15,27.36,79.94
20220323,0.17,27.43,81.0
20220324,0.28,27.25,78.28
20220325,0.49,27.47,77.08
20220326,2.32,27.72,77.49
20220327,3.63,27.78,77.9
20220328,3.35,27.91,80.13
20220329,5.45,27.93,79.85
20220330,13.55,27.24,83.73
20220331,3.45,27.45,80.86
20220401,3.5,27.19,83.8
20220402,6.56,26.98,83.72
20220403,4.35,26.88,81.28
20220404,14.54,27.29,80.92
20220405,64.04,26.38,86.4
20220406,61.86,25.95,84.31
20220407,17.03,27.63,77.77
20220408,25.69,26.72,84.2
20220409,7.75,26.56,83.13
20220410,38.06,26.35,85.13
20220411,23.07,26.88,84.45
20220412,14.18,26.88,86.78
20220413,6.49,26.24,89.12
20220414,3.36,26.75,84.98
20220415,3.06,26.99,85.65
20220416,1.76,27.28,85.61
20220417,3.45,27.4,85.84
20220418,5.77,27.19,87.73
20220419,11.36,27.18,88.08
20220420,5.18,27.5,87.5
20220421,5.83,27.45,87.59
20220422,18.24,27.1,88.11
20220423,8.29,26.58,83.76
20220424,6.63,27.76,79.11
20220425,12.23,27.47,86.11
20220426,7.28,28.08,82.18
20220427,19.18,28.05,83.03
20220428,14.61,27.43,86.5
20220429,8.41,27.64,85.34
20220430,4.75,27.73,86.32
20220501,8.1,27.6,86.73
20220502,8.18,28.05,87.73
20220503,2.82,28.15,88.49
20220504,4.19,27.97,86.52
20220505,8.98,27.87,86.61
20220506,3.07,27.21,80.3
20220507,2.55,27.6,85.93
20220508,2.11,28.01,86.51
20220509,11.06,27.96,87.21
20220510,8.51,27.37,87.61
20220511,2.73,27.35,86.55
20220512,17.65,27.42,87.63
20220513,13.21,27.28,87.13
20220514,25.24,27.01,85.14
20220515,13.02,26.97,85.9
20220516,6.36,27.06,89.22
20220517,11.81,27.24,89.47
20220518,9.51,27.21,89.04
20220519,9.63,26.93,88.73
20220520,3.36,26.99,89.26
20220521,1.93,27.0,87.67
20220522,1.81,27.12,87.11
20220523,5.8,27.08,89.1
20220524,18.78,26.97,89.69
20220525,9.36,26.72,88.97
20220526,11.74,26.69,89.0
20220527,9.1,26.77,86.28
20220528,8.82,26.76,87.65
20220529,12.68,26.69,88.56
20220530,31.34,26.69,88.34
20220531,18.25,26.08,86.71
20220601,10.32,26.55,86.64
20220602,7.89,26.76,86.84
20220603,5.77,26.79,89.69
20220604,2.25,26.54,90.09
20220605,2.57,26.54,88.34
20220606,3.69,26.61,87.87
20220607,2.81,26.32,88.84
20220608,2.66,26.53,88.25
20220609,2.36,26.55,89.82
20220610,2.87,26.72,87.62
20220611,3.33,26.03,88.76
20220612,3.08,26.1,87.76
20220613,2.55,25.9,88.84
20220614,3.03,27.01,85.72
20220615,4.98,26.25,87.95
20220616,15.09,25.54,90.53
20220617,5.77,25.7,89.72
20220618,9.48,25.83,88.63
20220619,2.19,26.25,86.55
20220620,2.64,26.58,87.99
20220621,1.68,26.45,88.14
20220622,1.72,26.4,87.86
20220623,2.47,26.43,85.66
20220624,3.37,26.98,86.11
20220625,3.78,26.75,84.51
20220626,2.6,26.87,85.65
20220627,0.38,26.92,86.46
20220628,0.82,26.59,87.24
20220629,1.43,26.82,86.37
20220630,1.59,26.54,87.87
20220701,0.57,26.55,87.63
20220702,3.42,26.61,87.8
20220703,8.24,25.93,88.56
20220704,2.73,25.86,87.98
20220705,1.88,25.73,88.4
20220706,1.52,25.88,86.72
20220707,2.18,25.45,88.98
20220708,0.52,25.64,87.5
20220709,0.45,25.83,86.96
20220710,4.03,25.94,84.34
20220711,1.47,25.76,82.11
20220712,0.13,25.54,87.51
20220713,0.36,26.19,85.58
20220714,1.24,26.44,84.21
20220715,1.07,26.43,87.45
20220716,1.65,26.35,89.16
20220717,2.03,26.46,89.04
20220718,1.56,26.11,89.47
20220719,3.57,26.56,85.13
20220720,9.13,25.81,90.06
20220721,6.51,25.52,90.08
20220722,7.23,25.67,88.46
20220723,4.57,25.66,87.3
20220724,1.45,26.13,86.6
20220725,3.62,25.73,89.64
20220726,8.21,25.95,88.82
20220727,7.05,26.32,85.17
20220728,9.09,26.14,82.9
20220729,2.49,26.99,79.79
20220730,5.84,25.76,86.0
20220731,6.83,25.44,89.96
20220801,28.94,25.62,89.85
20220802,19.02,25.51,86.83
20220803,11.65,25.77,88.12
20220804,11.18,25.57,87.74
20220805,8.28,25.92,87.22
20220806,2.27,25.9,85.38
20220807,1.45,25.52,90.18
20220808,1.34,25.62,92.16
20220809,0.57,25.68,91.14
20220810,0.01,25.98,87.69
20220811,0.01,26.17,87.37
20220812,0.04,26.28,87.42
20220813,0.06,26.35,86.73
20220814,0.45,25.99,88.43
20220815,0.75,26.02,88.64
20220816,0.58,26.28,86.78
20220817,0.89,26.2,85.1
20220818,1.99,26.15,86.72
20220819,1.5,26.21,87.92
20220820,1.2,26.14,87.55
20220821,2.5,26.13,87.24
20220822,7.91,25.93,87.86
20220823,3.84,25.77,87.14
20220824,1.46,25.47,88.82
20220825,3.49,25.47,88.0
20220826,10.38,24.91,89.31
20220827,6.79,24.45,87.33
20220828,1.9,25.4,84.67
20220829,1.83,25.55,85.71
20220830,30.14,25.74,88.59
20220831,49.78,24.7,89.93
20220901,10.95,25.29,88.72
20220902,4.19,25.83,86.23
20220903,3.27,25.64,89.82
20220904,7.09,25.67,92.27
20220905,37.98,25.81,92.49
20220906,7.37,25.57,90.27
20220907,2.1,25.49,88.41
20220908,0.42,25.57,85.41
20220909,0.26,25.82,89.13
20220910,1.0,25.94,88.66
20220911,0.88,25.99,88.5
20220912,0.37,25.76,87.82
20220913,0.11,25.89,86.27
20220914,0.13,25.8,86.58
20220915,0.07,25.85,86.5
20220916,0.06,25.9,86.22
20220917,0.03,26.14,83.48
20220918,0.07,26.35,83.79
20220919,0.7,26.48,83.79
20220920,0.25,26.65,85.16
20220921,0.6,26.15,87.11
20220922,0.29,26.57,83.15
20220923,0.22,26.42,81.61
20220924,0.17,25.97,85.61
20220925,1.55,26.46,84.91
20220926,1.64,26.34,86.43
20220927,0.71,26.65,84.04
20220928,2.53,26.4,84.58
20220929,3.69,26.36,85.36
20220930,7.85,26.03,86.31
20221001,9.65,26.23,85.17
20221002,7.39,25.9,87.56
20221003,8.24,25.89,83.69
20221004,3.9,26.19,85.96
20221005,2.65,25.63,85.55
20221006,0.79,26.1,84.87
20221007,0.79,26.26,84.33
20221008,1.9,26.08,84.31
20221009,4.7,25.93,86.24
20221010,2.47,25.97,87.22
20221011,2.56,26.95,82.2
20221012,9.9,26.44,85.84
20221013,28.32,25.62,89.96
20221014,34.64,25.76,89.45
20221015,21.86,25.46,88.96
20221016,19.99,26.02,85.53
20221017,13.58,25.7,87.92
20221018,18.65,25.64,86.95
20221019,13.44,25.91,87.62
20221020,15.41,25.87,87.05
20221021,24.74,25.27,89.48
20221022,21.04,25.14,89.44
20221023,16.73,25.42,89.55
20221024,11.05,25.48,89.55
20221025,5.38,26.02,88.51
20221026,6.15,26.37,87.04
20221027,1.38,26.41,78.24
20221028,0.01,26.24,77.81
20221029,2.85,26.39,77.93
20221030,10.57,26.56,82.41
20221031,12.24,26.34,88.23
20221101,20.92,25.51,91.53
20221102,11.76,25.31,87.72
20221103,11.87,25.91,85.86
20221104,9.33,25.69,86.47
20221105,38.75,24.75,89.38
20221106,19.25,26.43,85.39
20221107,6.27,26.33,82.3
20221108,22.87,26.01,88.63
20221109,3.99,25.83,87.59
20221110,1.78,25.89,84.8
20221111,20.09,25.38,86.87
20221112,3.97,25.36,87.86
20221113,16.66,25.81,83.8
20221114,41.16,25.58,86.69
20221115,20.34,25.83,83.32
20221116,4.6,25.7,84.7
20221117,0.68,25.04,81.16
20221118,0.0,25.15,79.93
20221119,0.1,25.17,85.07
20221120,0.45,25.33,84.72
20221121,0.47,25.23,80.89
20221122,0.35,26.09,80.16
20221123,0.01,26.16,79.75
20221124,0.04,26.31,80.03
20221125,0.05,25.95,77.09
20221126,2.12,26.41,76.37
20221127,5.84,27.04,74.03
20221128,6.27,26.6,80.98
20221129,2.75,26.28,79.82
20221130,0.98,25.84,80.83
20221201,1.66,27.3,75.04
20221202,12.69,26.62,75.67
20221203,17.54,26.31,75.99
20221204,29.44,26.06,82.35
20221205,9.5,26.43,80.9
20221206,1.8,25.78,85.33
20221207,0.35,24.74,84.3
20221208,1.2,24.72,84.55
20221209,6.94,25.29,79.22
20221210,14.43,25.91,85.01
20221211,15.46,26.06,84.25
20221212,2.04,26.37,82.11
20221213,1.24,25.87,82.98
20221214,1.96,26.28,78.35
20221215,2.67,25.88,81.04
20221216,0.99,25.37,83.02
20221217,2.22,25.07,85.74
20221218,7.72,25.36,86.29
20221219,14.8,24.93,89.77
20221220,6.41,25.47,89.37
20221221,10.28,25.19,90.81
20221222,2.85,25.29,88.99
20221223,5.34,25.87,88.53
20221224,13.59,25.82,88.74
20221225,63.44,25.64,91.89
20221226,8.08,25.26,91.52
20221227,1.4,25.84,82.35
20221228,2.74,26.02,83.83
20221229,0.22,25.05,84.15
20221230,0.01,24.52,83.36
20221231,0.0,24.38,83.03
20230101,0.0,24.43,84.02
20230102,0.0,24.39,82.0
20230103,0.01,24.44,80.6
20230104,0.1,24.7,80.96
20230105,0.69,25.26,86.07
20230106,5.38,25.35,89.12
20230107,11.17,25.41,88.98
20230108,3.37,25.33,85.78
20230109,0.36,25.08,83.05
20230110,0.01,24.34,80.38
20230111,0.0,23.43,77.64
20230112,0.0,23.29,77.63
20230113,0.0,24.05,78.23
20230114,0.18,24.62,80.47
20230115,2.5,25.21,83.28
20230116,19.56,25.64,86.21
20230117,6.57,25.75,82.87
20230118,0.24,24.77,81.11
20230119,0.0,23.65,79.52
20230120,0.04,23.74,80.31
20230121,0.41,24.21,82.0
20230122,2.78,24.6,85.81
20230123,3.39,25.23,85.35
20230124,19.24,25.5,80.63
20230125,3.49,25.31,81.64
20230126,2.6,25.25,81.8
20230127,1.53,25.0,84.55
20230128,0.26,24.6,78.99
20230129,0.05,24.75,82.6
20230130,3.04,24.67,85.95
20230131,3.48,24.42,86.99
20230201,3.87,24.88,90.62
20230202,9.86,25.72,88.04
20230203,11.89,25.77,87.19
20230204,6.11,25.72,86.93
20230205,1.04,25.82,83.39
20230206,1.89,25.16,86.52
20230207,1.79,25.83,85.88
20230208,0.33,25.92,83.33
20230209,0.71,25.86,81.7
20230210,1.01,25.27,82.62
20230211,1.18,24.57,78.76
20230212,3.19,25.06,77.68
20230213,0.22,24.98,79.09
20230214,0.39,24.84,80.05
20230215,0.02,23.95,76.27
20230216,0.0,23.9,77.95
20230217,0.0,24.69,79.66
20230218,1.67,25.98,82.29
20230219,16.23,26.1,84.72
20230220,15.78,26.05,84.06
20230221,1.4,25.71,82.18
20230222,0.08,25.64,74.67
20230223,0.16,25.92,75.49
20230224,5.74,26.12,78.1
20230225,2.88,26.17,77.9
20230226,0.22,24.74,75.74
20230227,1.25,25.12,76.96
20230228,6.16,26.49,83.2
20230301,1.19,26.49,80.95
20230302,0.18,26.43,77.42
20230303,0.25,26.31,76.85
20230304,4.48,26.41,80.46
20230305,2.04,26.7,80.27
20230306,4.21,26.48,81.17
20230307,4.79,26.78,80.09
20230308,0.54,26.61,78.65
20230309,0.45,26.94,78.35
20230310,0.3,26.52,78.97
20230311,8.4,26.91,80.4
20230312,5.17,27.12,80.86
20230313,10.66,26.69,81.02
20230314,2.59,27.33,76.98
20230315,4.27,27.47,78.77
20230316,8.45,27.46,81.2
20230317,1.55,27.07,76.28
20230318,9.67,27.29,76.75
20230319,10.36,27.38,81.71
20230320,4.95,26.77,83.92
20230321,2.13,27.48,79.21
20230322,7.0,26.88,84.82
20230323,3.98,27.08,80.67
20230324,28.12,27.33,81.52
20230325,1.74,27.73,77.63
20230326,1.1,27.62,76.12
20230327,1.8,27.75,78.19
20230328,1.66,27.65,79.7
20230329,3.01,27.68,80.84
20230330,6.21,27.41,81.3
20230331,2.07,27.73,80.19
20230401,3.46,27.48,80.65
20230402,6.55,27.46,82.88
20230403,5.05,27.31,82.94
20230404,21.27,26.62,84.74
20230405,6.8,27.01,82.62
20230406,5.4,27.24,81.68
20230407,7.24,28.57,70.56
20230408,16.93,27.85,75.23
20230409,3.52,28.28,71.46
20230410,1.15,28.1,74.02
20230411,0.15,28.0,72.41
20230412,0.04,28.04,73.3
20230413,1.99,28.39,76.06
20230414,3.77,27.75,83.72
20230415,6.39,27.99,81.86
20230416,5.35,27.28,82.88
20230417,0.31,27.93,79.66
20230418,0.19,28.41,77.79
20230419,0.23,28.03,81.43
20230420,1.07,27.97,82.08
20230421,5.76,28.37,80.33
20230422,5.11,27.99,82.42
20230423,3.38,28.31,83.95
20230424,6.39,28.08,84.57
20230425,12.51,27.21,86.58
20230426,21.86,27.73,75.01
20230427,9.98,28.37,75.58
20230428,14.49,28.0,78.0
20230429,32.27,27.95,80.88
20230430,10.99,28.4,79.94
20230501,36.8,27.39,85.75
20230502,8.52,27.8,83.2
20230503,13.94,27.29,85.12
20230504,38.15,26.5,85.32
20230505,30.86,26.13,85.17
20230506,5.49,27.02,83.61
20230507,14.67,27.24,81.2
20230508,5.07,27.23,82.46
20230509,13.04,27.22,81.73
20230510,10.46,27.14,82.82
20230511,3.18,27.56,83.83
20230512,7.44,27.91,84.32
20230513,5.19,27.74,86.51
20230514,3.8,28.08,86.27
20230515,2.19,28.11,88.29
20230516,1.75,28.19,87.35
20230517,3.33,28.19,85.84
20230518,5.34,27.9,83.58
20230519,4.9,27.17,88.0
20230520,5.45,27.35,88.25
20230521,4.71,27.31,88.36
20230522,1.37,27.44,87.11
20230523,2.06,27.15,86.03
20230524,0.57,26.99,87.21
20230525,0.25,27.18,88.39
20230526,0.69,27.75,86.63
20230527,1.15,27.91,85.05
20230528,0.83,28.3,84.27
20230529,1.93,28.13,85.59
20230530,10.27,27.57,88.27
20230531,5.77,27.51,83.57
20230601,12.56,27.53,84.77
20230602,8.23,27.64,87.77
20230603,2.6,27.33,86.2
20230604,2.65,27.42,84.4
20230605,6.51,27.57,84.99
20230606,4.82,27.53,86.18
20230607,6.02,27.57,84.11
20230608,5.18,27.48,84.12
20230609,4.09,27.58,86.49
20230610,4.81,27.49,86.42
20230611,5.14,27.45,87.09
20230612,9.1,27.62,87.74
20230613,13.81,27.24,90.2
20230614,4.56,27.24,84.33
20230615,1.56,27.26,90.56
20230616,1.54,27.71,85.8
20230617,1.77,27.09,87.36
20230618,3.4,27.09,85.94
20230619,1.74,26.98,88.23
20230620,2.22,27.21,86.11
20230621,2.2,27.35,85.37
20230622,3.63,27.48,86.46
20230623,2.74,27.37,87.52
20230624,3.75,27.15,87.67
20230625,6.13,26.77,88.52
20230626,5.81,26.43,86.0
20230627,6.48,26.56,86.35
20230628,5.64,26.79,87.83
20230629,11.26,26.54,88.07
20230630,10.03,26.75,89.95
20230701,4.65,26.82,89.33
20230702,11.8,26.49,87.8
20230703,4.01,25.74,86.95
20230704,15.66,26.39,86.7
20230705,15.67,26.18,87.6
20230706,2.46,26.24,87.8
20230707,5.35,26.12,88.36
20230708,2.47,26.37,87.22
20230709,0.51,27.0,84.0
20230710,2.42,26.41,89.28
20230711,1.09,26.55,88.38
20230712,0.89,26.72,89.42
20230713,2.62,26.81,87.41
20230714,0.9,26.6,85.1
20230715,1.48,26.64,86.98
20230716,1.24,26.81,88.3
20230717,0.58,26.96,89.05
20230718,1.95,26.87,89.48
20230719,3.48,26.93,87.73
20230720,3.3,26.81,88.16
20230721,0.67,26.86,87.46
20230722,0.26,26.73,87.03
20230723,2.38,26.93,84.55
20230724,5.54,26.34,89.54
20230725,6.19,26.54,87.87
20230726,6.6,26.61,87.68
20230727,0.26,26.71,86.16
20230728,0.09,26.78,86.29
20230729,0.22,26.78,87.48
20230730,0.35,26.62,87.2
20230731,0.58,26.84,87.6
20230801,0.14,26.39,90.71
20230802,0.1,26.41,89.64
20230803,0.22,26.64,88.91
20230804,0.35,26.65,88.66
20230805,0.36,26.76,88.52
20230806,1.17,27.24,83.31
20230807,0.55,26.96,86.71
20230808,0.83,26.58,90.25
20230809,1.84,26.52,87.53
20230810,2.38,26.45,87.92
20230811,4.65,26.84,86.71
20230812,1.84,26.85,86.02
20230813,1.37,27.58,79.57
20230814,0.31,27.46,79.92
20230815,0.33,26.78,79.97
20230816,0.35,26.77,81.32
20230817,0.74,26.79,83.21
20230818,1.13,26.97,83.25
20230819,0.17,27.11,82.56
20230820,0.06,26.98,82.96
20230821,0.2,27.29,83.15
20230822,1.65,27.39,83.57
20230823,2.11,27.18,84.58
20230824,1.31,27.29,83.19
20230825,0.43,27.17,83.72
20230826,0.3,27.37,83.9
20230827,1.56,27.41,83.52
20230828,5.35,27.65,84.16
20230829,16.09,27.34,84.75
20230830,14.93,26.14,87.97
20230831,17.49,26.62,83.3
20230901,14.08,26.71,85.51
20230902,28.81,26.74,86.85
20230903,27.09,26.3,86.27
20230904,19.21,26.77,82.56
20230905,14.99,26.95,85.74
20230906,17.8,26.78,88.32
20230907,24.47,26.47,86.69
20230908,5.8,26.48,86.83
20230909,2.55,26.85,84.95
20230910,4.74,26.75,86.69
20230911,12.88,25.99,83.39
20230912,7.0,26.67,84.31
20230913,6.59,26.77,86.5
20230914,12.16,26.51,88.4
20230915,5.68,26.59,82.34
20230916,1.31,26.9,84.6
20230917,17.82,26.53,87.74
20230918,7.51,25.95,87.89
20230919,26.75,26.38,86.07
20230920,9.13,26.32,85.78
20230921,3.95,26.26,84.06
20230922,19.23,26.49,86.3
20230923,5.86,26.92,87.27
20230924,3.26,26.51,88.06
20230925,7.15,26.99,85.83
20230926,9.02,27.0,86.03
20230927,25.95,26.27,87.62
20230928,20.09,26.32,84.43
20230929,37.97,26.67,87.67
20230930,9.03,26.29,87.22
20231001,23.15,26.21,86.35
20231002,24.98,26.16,88.28
20231003,16.72,26.42,88.95
20231004,27.71,25.92,87.47
20231005,14.6,26.18,88.83
20231006,34.15,26.44,88.8
20231007,11.21,26.53,88.76
20231008,13.31,26.76,88.94
20231009,10.24,26.77,88.26
20231010,20.93,26.52,89.66
20231011,15.02,26.4,88.66
20231012,7.83,25.73,86.51
20231013,11.72,26.41,84.39
20231014,23.96,26.13,85.71
20231015,16.78,25.93,88.81
20231016,9.79,26.28,86.79
20231017,18.95,26.21,86.56
20231018,19.74,25.54,91.51
20231019,18.22,25.27,87.62
20231020,16.67,26.07,84.72
20231021,9.79,25.66,88.4
20231022,19.8,26.18,88.32
20231023,35.25,25.43,89.7
20231024,5.12,26.77,82.73
20231025,5.92,26.82,79.53
20231026,1.88,27.42,76.64
20231027,4.71,27.3,82.18
20231028,28.75,26.3,89.41
20231029,23.52,25.77,89.39
20231030,23.87,26.0,88.16
20231031,43.08,26.82,85.42
20231101,13.53,26.76,81.8
20231102,15.92,26.34,86.59
20231103,29.61,25.68,91.13
20231104,25.44,26.18,89.35
20231105,17.98,26.38,85.63
20231106,22.73,26.72,84.66
20231107,15.46,27.23,82.15
20231108,20.07,26.74,87.76
20231109,29.62,25.78,84.46
20231110,21.85,26.78,82.3
20231111,11.59,26.98,86.85
20231112,39.94,27.29,85.33
20231113,10.99,26.35,88.17
20231114,6.77,26.18,90.33
20231115,6.9,26.49,88.62
20231116,1.83,26.69,86.74
20231117,9.87,26.92,87.79
20231118,28.01,26.95,88.47
20231119,23.49,27.0,81.64
20231120,13.01,27.17,80.17
20231121,12.33,27.37,84.83
20231122,38.34,25.97,88.97
20231123,9.14,26.65,84.68
20231124,11.72,27.21,81.68
20231125,6.17,27.29,80.51
20231126,1.25,27.22,78.89
20231127,15.29,27.28,82.88
20231128,14.95,27.19,81.7
20231129,22.46,26.18,87.84
20231130,8.08,25.71,85.79
20231201,6.75,25.82,88.81
20231202,8.26,26.23,89.84
20231203,18.42,26.84,87.9
20231204,13.72,26.49,90.39
20231205,14.03,27.07,90.14
20231206,6.4,26.75,89.81
20231207,5.7,26.76,86.38
20231208,23.15,26.6,89.2
20231209,21.96,26.72,85.55
20231210,11.08,27.23,83.61
20231211,9.9,27.11,84.84
20231212,39.13,26.49,87.77
20231213,2.59,26.14,88.43
20231214,11.88,26.4,89.65
20231215,31.22,25.96,91.03
20231216,12.76,26.54,86.29
20231217,8.44,26.97,86.4
20231218,21.09,26.74,83.68
20231219,6.91,26.63,85.56
20231220,5.38,26.76,87.96
20231221,4.72,27.08,84.68
20231222,1.43,26.41,86.18
20231223,0.09,26.08,81.67
20231224,0.75,26.53,84.71
20231225,1.06,26.21,84.87
20231226,3.5,26.13,86.27
20231227,9.45,26.89,88.57
20231228,13.93,26.85,90.59
20231229,9.8,26.53,89.03
20231230,9.98,26.61,87.47
20231231,14.96,26.63,86.37
20240101,24.76,25.92,90.07
20240102,6.37,26.6,83.62
20240103,1.25,26.57,85.64
20240104,2.25,27.0,82.91
20240105,5.41,27.24,84.53
20240106,8.43,26.05,88.37
20240107,31.3,26.59,80.53
20240108,18.7,26.38,83.35
20240109,11.97,25.65,87.86
20240110,20.8,25.97,89.38
20240111,2.73,26.2,87.26
20240112,0.14,25.76,84.82
20240113,0.02,25.2,84.54
20240114,0.01,25.0,84.55
20240115,0.0,24.31,81.0
20240116,0.02,24.84,77.49
20240117,0.08,26.16,79.87
20240118,6.93,26.35,83.72
20240119,7.25,26.67,84.37
20240120,8.33,26.5,84.53
20240121,1.27,26.6,83.21
20240122,0.01,26.65,82.92
20240123,0.0,25.42,80.51
20240124,0.0,24.64,76.95
20240125,0.0,24.61,74.99
20240126,0.0,24.92,79.68
20240127,0.13,25.39,81.81
20240128,0.56,25.86,85.04
20240129,0.92,26.1,84.87
20240130,5.53,26.41,87.37
20240131,13.21,26.53,86.74
20240201,2.03,26.6,89.06
20240202,5.19,27.05,82.64
20240203,0.27,27.05,82.76
20240204,5.54,26.63,85.19
20240205,1.89,26.86,84.53
20240206,0.01,25.62,80.58
20240207,0.0,25.02,80.51
20240208,0.0,25.04,81.27
20240209,0.0,25.32,81.32
20240210,0.01,25.65,81.03
20240211,0.0,25.42,80.93
20240212,0.19,26.38,83.38
20240213,0.68,26.74,84.31
20240214,0.79,26.75,84.47
20240215,0.21,26.57,82.47
20240216,1.09,26.2,85.87
20240217,0.26,26.83,83.28
20240218,0.03,26.51,80.38
20240219,0.18,26.94,81.11
20240220,0.2,27.59,79.95
20240221,0.42,27.56,82.21
20240222,0.34,27.0,86.52
20240223,2.46,27.76,80.39
20240224,3.71,27.75,79.65
20240225,0.38,27.09,77.77
20240226,0.65,27.81,80.41
20240227,0.77,27.73,80.57
20240228,0.16,27.11,80.58
20240229,0.14,27.39,78.58
20240301,0.21,27.28,78.73
20240302,0.06,26.72,75.51
20240303,0.37,27.31,75.64
20240304,0.16,27.24,75.07
20240305,0.15,27.36,73.53
20240306,0.95,27.33,78.39
20240307,0.25,27.94,72.24
20240308,1.54,27.45,75.03
20240309,0.6,27.74,68.07
20240310,0.04,27.39,69.89
20240311,0.0,27.23,73.45
20240312,0.04,27.8,72.6
20240313,0.27,27.77,74.74
20240314,0.19,27.84,73.35
20240315,0.31,27.84,72.13
20240316,0.95,27.34,79.1
20240317,0.57,27.73,67.24
20240318,0.0,27.55,65.12
20240319,0.06,27.87,66.87
20240320,0.52,28.42,69.56
20240321,5.2,28.15,78.61
20240322,20.55,28.33,80.77
20240323,2.84,28.98,75.1
20240324,7.91,28.18,78.68
20240325,0.23,28.46,73.46
20240326,0.95,28.33,71.84
20240327,9.72,27.87,81.76
20240328,0.84,29.08,72.5
20240329,2.46,28.5,78.66
20240330,0.41,28.6,74.39
20240331,1.08,28.54,76.58
20240401,5.16,28.43,76.64
20240402,7.98,28.82,78.12
20240403,4.94,28.82,80.19
20240404,7.41,29.08,77.85
20240405,4.62,28.3,82.53
20240406,0.98,29.18,78.39
20240407,2.79,28.66,82.63
20240408,1.58,29.18,77.16
20240409,0.45,29.65,69.1
20240410,0.92,29.32,72.24
20240411,6.71,29.19,78.51
20240412,23.79,27.92,83.04
20240413,4.51,28.46,75.15
20240414,7.28,29.1,75.95
20240415,5.37,28.77,78.83
20240416,3.99,28.65,79.43
20240417,1.83,28.7,81.74
20240418,0.89,28.81,81.93
20240419,0.64,28.71,83.55
20240420,6.29,29.02,82.47
20240421,8.12,29.15,82.13
20240422,5.74,28.65,83.9
20240423,6.95,28.9,79.51
20240424,5.3,28.67,82.8
20240425,1.42,28.79,80.09
20240426,0.7,28.73,75.72
20240427,9.83,29.2,76.96
20240428,5.16,29.05,80.92
20240429,7.85,28.86,83.97
20240430,15.33,28.23,88.06
20240501,2.86,28.75,83.77
20240502,0.51,29.2,82.92
20240503,0.66,29.43,83.97
20240504,0.46,29.24,83.12
20240505,3.24,29.02,85.11
20240506,4.93,29.22,85.0
20240507,6.57,28.92,86.95
20240508,5.11,29.06,83.49
20240509,11.45,27.99,86.19
20240510,8.49,27.72,80.64
20240511,5.81,28.66,77.34
20240512,11.95,27.68,86.72
20240513,23.82,28.41,82.26
20240514,15.37,28.03,82.69
20240515,14.19,27.94,83.07
20240516,16.31,27.67,86.03
20240517,4.66,27.86,83.77
20240518,36.89,27.64,87.33
20240519,27.78,27.81,87.76
20240520,12.28,27.78,84.57
20240521,3.76,28.55,82.48
20240522,10.91,27.99,85.89
20240523,12.02,27.9,86.34
20240524,14.68,27.72,87.05
20240525,14.4,27.85,88.29
20240526,15.29,28.08,87.34
20240527,10.71,27.59,86.8
20240528,5.46,27.6,85.1
20240529,10.96,27.51,87.85
20240530,5.69,27.52,88.9
20240531,5.13,27.46,89.54
20240601,10.4,27.68,90.04
20240602,40.2,26.9,88.83
20240603,7.87,26.74,88.37
20240604,4.58,27.26,87.96
20240605,0.99,27.28,86.27
20240606,1.92,27.39,87.28
20240607,4.91,27.13,87.87
20240608,3.46,27.43,85.75
20240609,8.95,27.24,88.51
20240610,3.68,27.37,87.11
20240611,1.01,27.45,87.54
20240612,1.44,27.33,86.62
20240613,0.85,27.32,88.68
20240614,1.15,27.64,87.45
20240615,3.12,27.43,87.69
20240616,1.58,27.45,87.33
20240617,0.54,27.64,87.14
20240618,3.09,27.42,88.56
20240619,4.57,27.2,88.26
20240620,7.5,27.09,86.94
20240621,5.68,27.16,85.27
20240622,9.81,26.94,82.81
20240623,1.71,27.32,84.39
20240624,8.38,27.3,86.26
20240625,1.84,27.29,85.94
20240626,6.16,26.53,86.49
20240627,5.03,26.91,89.65
20240628,2.56,27.09,88.0
20240629,0.58,26.93,88.92
20240630,2.86,27.11,88.85
20240701,3.56,27.11,86.47
20240702,1.17,26.96,89.36
20240703,2.66,27.14,89.81
20240704,5.07,27.13,82.85
20240705,13.39,26.99,85.96
20240706,4.75,26.76,82.67
20240707,4.5,26.77,87.8
20240708,5.14,26.47,84.81
20240709,1.59,27.12,81.85
20240710,1.88,27.11,84.72
20240711,2.2,27.25,85.92
20240712,5.86,27.33,88.16
20240713,3.99,26.6,88.04
20240714,3.79,27.03,84.74
20240715,7.09,27.14,85.93
20240716,1.37,26.99,86.74
20240717,2.59,26.87,87.28
20240718,2.96,26.43,88.52
20240719,1.83,26.87,88.07
20240720,0.62,27.09,90.68
20240721,0.67,27.2,88.89
20240722,2.11,27.19,87.53
20240723,1.39,26.92,87.62
20240724,0.62,27.12,88.12
20240725,1.25,26.61,86.24
20240726,0.93,27.17,87.8
20240727,2.01,27.13,88.52
20240728,6.03,27.32,89.29
20240729,8.6,27.34,84.69
20240730,11.95,26.48,83.8
20240731,2.83,27.1,87.43
20240801,2.81,26.94,87.47
20240802,3.32,26.7,86.8
20240803,2.24,26.5,85.65
20240804,1.47,26.86,86.89
20240805,3.92,26.56,85.43
20240806,1.54,26.61,86.71
20240807,0.49,26.85,84.34
20240808,1.42,26.64,84.32
20240809,0.43,26.88,82.89
20240810,1.75,26.81,84.42
20240811,6.29,26.72,84.94
20240812,12.56,26.8,88.61
20240813,15.2,26.24,91.44
20240814,6.24,26.33,88.21
20240815,2.16,26.91,88.01
20240816,15.03,27.47,88.64
20240817,24.01,27.01,87.24
20240818,8.52,26.99,88.49
20240819,9.0,26.73,90.74
20240820,21.34,26.56,87.82
20240821,8.64,26.35,84.6
20240822,0.48,26.06,84.78
20240823,0.76,26.64,84.1
20240824,0.76,26.5,87.37
20240825,0.58,26.67,85.96
20240826,0.09,27.15,83.15
20240827,0.04,26.78,85.08
20240828,0.18,26.86,86.19
20240829,1.57,27.11,86.19
20240830,10.89,26.71,86.1
20240831,3.84,26.69,85.42
20240901,7.5,26.88,84.42
20240902,10.19,27.19,85.48
20240903,5.6,26.51,87.04
20240904,2.16,26.99,85.7
20240905,2.93,27.05,87.9
20240906,2.45,27.15,87.24
20240907,2.84,27.18,88.02
20240908,3.14,27.18,86.92
20240909,6.07,27.07,87.35
20240910,4.78,27.07,86.94
20240911,7.5,26.99,86.09
20240912,0.59,26.79,85.7
20240913,1.06,27.11,87.03
20240914,1.71,27.08,87.72
20240915,1.08,27.13,87.41
20240916,0.98,27.28,86.83
20240917,0.34,27.27,86.7
20240918,0.83,27.17,87.08
20240919,0.44,27.19,85.19
20240920,0.44,27.05,85.23
20240921,1.88,27.21,85.14
20240922,1.54,27.24,84.46
20240923,0.41,27.27,83.29
20240924,2.63,27.52,84.41
20240925,1.41,27.46,86.2
20240926,2.25,27.51,85.56
20240927,4.08,26.76,86.44
20240928,4.88,27.5,82.32
20240929,12.17,27.47,82.28
20240930,9.05,27.49,79.84
20241001,2.38,27.66,82.1
20241002,3.95,27.13,86.69
20241003,3.16,27.28,84.75
20241004,0.69,27.18,85.28
20241005,4.94,26.83,86.51
20241006,5.13,25.76,88.12
20241007,30.2,25.87,88.59
20241008,15.11,25.76,86.76
20241009,6.39,26.44,86.58
20241010,13.66,26.28,87.04
20241011,19.05,26.07,87.16
20241012,19.69,25.8,86.42
20241013,8.94,26.15,84.37
20241014,16.47,25.6,87.49
20241015,2.46,26.4,85.47
20241016,4.12,26.86,87.17
20241017,0.61,27.06,86.48
20241018,0.11,27.1,85.35
20241019,0.66,26.68,85.9
20241020,6.06,26.86,86.07
20241021,8.95,27.01,87.64
20241022,6.6,27.09,86.58
20241023,13.86,26.73,89.6
20241024,2.6,26.73,86.25
20241025,2.67,27.08,86.11
20241026,8.9,26.93,89.16
20241027,7.87,26.7,89.08
20241028,1.24,26.95,88.64
20241029,0.46,27.16,88.11
20241030,0.4,27.11,88.1
20241031,0.32,27.0,86.28
20241101,5.61,26.99,85.78
20241102,34.35,26.4,84.43
20241103,24.39,26.66,81.8
20241104,15.09,26.59,84.18
20241105,14.96,26.18,84.19
20241106,1.41,26.69,79.43
20241107,5.19,26.7,83.84
20241108,23.92,26.75,92.09
20241109,8.36,26.92,85.63
20241110,0.15,26.68,84.16
20241111,0.14,26.95,83.12
20241112,2.33,26.8,84.84
20241113,7.36,27.01,86.68
20241114,25.59,26.94,86.62
20241115,21.83,27.36,81.97
20241116,6.79,27.83,77.23
20241117,5.28,27.76,79.65
20241118,4.65,27.31,81.74
20241119,25.37,26.62,87.97
20241120,5.87,26.79,86.63
20241121,4.77,26.67,85.2
20241122,19.75,26.41,88.63
20241123,11.3,26.97,83.55
20241124,13.94,26.05,88.23
20241125,11.78,25.55,90.04
20241126,36.8,25.93,91.03
20241127,9.0,25.95,90.42
20241128,1.69,25.96,83.46
20241129,3.04,26.16,86.49
20241130,6.65,26.34,87.21
20241201,0.24,26.67,83.1
20241202,0.09,26.47,79.99
20241203,0.06,26.95,78.2
20241204,0.37,27.2,75.67
20241205,3.98,26.69,84.58
20241206,0.81,25.98,85.47
20241207,0.22,26.67,80.89
20241208,5.97,26.41,83.31
20241209,0.81,26.16,81.15
20241210,0.46,26.19,82.83
20241211,1.15,26.4,86.17
20241212,10.87,26.25,86.62
20241213,20.32,26.75,84.39
20241214,25.82,26.51,87.88
20241215,2.16,26.0,84.43
20241216,11.98,25.93,90.27
20241217,1.02,25.87,89.77
20241218,1.95,26.27,87.57
20241219,7.81,26.56,86.91
20241220,3.13,26.83,88.37
20241221,5.35,27.02,89.92
20241222,3.07,26.8,87.12
20241223,0.25,26.21,84.3
20241224,0.0,25.77,81.55
20241225,0.0,26.02,78.17
20241226,0.2,26.66,79.39
20241227,2.06,26.92,83.4
20241228,1.14,26.57,83.67
20241229,0.72,25.96,85.26
20241230,4.64,26.86,83.82
20241231,6.72,26.56,84.99
